id,from,to,subject,date,body,threadId
edge_001,,,Receipt,2025-11-01,Charged $42.00 at Corner Store.,edge_001
edge_002,billing@shop.com,,,2025-11-01,Payment of $15.20 confirmed.,edge_002
edge_003,receipts@ride.com,,Ride Receipt,,Total charged: $18.90,edge_003
edge_004,noreply@vendor.com,,Invoice Paid,2025-11-02,,edge_004
edge_005,desk@hotel.com,,Pre-authorization Hold,2025-11-03,A temporary hold of $250.00 was placed and will be released at checkout.,edge_005
edge_006,alerts@bank.com,,Transfer Pending,2025-11-03,Transfer of $400.00 is pending and awaiting final confirmation.,edge_006
edge_007,accounts@consulting.com,,Invoice #8841,2025-11-04,Invoice total: $980.00 due in 30 days. No payment received yet.,edge_007
edge_008,travel@agency.com,,Trip Charges,2025-11-05,Hotel: EUR 120.00 charged. Taxi reimbursement: USD -35.00 posted.,edge_008
edge_009,receipt@cafedelmar.mx,,¡Recibo! ¡Gracias! ☕,2025-11-05,Pago confirmado - MXN 420.50 - Café del Mar - mesa 7,edge_009
edge_010,billing@eu-shop.eu,,Payment confirmation,2025-11-06,"Amount charged: EUR 1.234,56",edge_010
edge_011,billing@megacloud.com,,Monthly Enterprise Invoice,2025-12-01,"Invoice Summary
Merchant: MegaCloud Services
Charge posted: USD 1299.95
Date: 2025-12-01
Line item 1: service usage details and metadata
Line item 2: service usage details and metadata
Line item 3: service usage details and metadata
Line item 4: service usage details and metadata
Line item 5: service usage details and metadata
Line item 6: service usage details and metadata
Line item 7: service usage details and metadata
Line item 8: service usage details and metadata
Line item 9: service usage details and metadata
Line item 10: service usage details and metadata
Line item 11: service usage details and metadata
Line item 12: service usage details and metadata
Line item 13: service usage details and metadata
Line item 14: service usage details and metadata
Line item 15: service usage details and metadata
Line item 16: service usage details and metadata
Line item 17: service usage details and metadata
Line item 18: service usage details and metadata
Line item 19: service usage details and metadata
Line item 20: service usage details and metadata
Line item 21: service usage details and metadata
Line item 22: service usage details and metadata
Line item 23: service usage details and metadata
Line item 24: service usage details and metadata
Line item 25: service usage details and metadata
Line item 26: service usage details and metadata
Line item 27: service usage details and metadata
Line item 28: service usage details and metadata
Line item 29: service usage details and metadata
Line item 30: service usage details and metadata
Line item 31: service usage details and metadata
Line item 32: service usage details and metadata
Line item 33: service usage details and metadata
Line item 34: service usage details and metadata
Line item 35: service usage details and metadata
Line item 36: service usage details and metadata
Line item 37: service usage details and metadata
Line item 38: service usage details and metadata
Line item 39: service usage details and metadata
Line item 40: service usage details and metadata
Line item 41: service usage details and metadata
Line item 42: service usage details and metadata
Line item 43: service usage details and metadata
Line item 44: service usage details and metadata
Line item 45: service usage details and metadata
Line item 46: service usage details and metadata
Line item 47: service usage details and metadata
Line item 48: service usage details and metadata
Line item 49: service usage details and metadata
Line item 50: service usage details and metadata
Line item 51: service usage details and metadata
Line item 52: service usage details and metadata
Line item 53: service usage details and metadata
Line item 54: service usage details and metadata
Line item 55: service usage details and metadata
Line item 56: service usage details and metadata
Line item 57: service usage details and metadata
Line item 58: service usage details and metadata
Line item 59: service usage details and metadata
Line item 60: service usage details and metadata
Line item 61: service usage details and metadata
Line item 62: service usage details and metadata
Line item 63: service usage details and metadata
Line item 64: service usage details and metadata
Line item 65: service usage details and metadata
Line item 66: service usage details and metadata
Line item 67: service usage details and metadata
Line item 68: service usage details and metadata
Line item 69: service usage details and metadata
Line item 70: service usage details and metadata
Line item 71: service usage details and metadata
Line item 72: service usage details and metadata
Line item 73: service usage details and metadata
Line item 74: service usage details and metadata
Line item 75: service usage details and metadata
Line item 76: service usage details and metadata
Line item 77: service usage details and metadata
Line item 78: service usage details and metadata
Line item 79: service usage details and metadata
Line item 80: service usage details and metadata
Line item 81: service usage details and metadata
Line item 82: service usage details and metadata
Line item 83: service usage details and metadata
Line item 84: service usage details and metadata
Line item 85: service usage details and metadata
Line item 86: service usage details and metadata
Line item 87: service usage details and metadata
Line item 88: service usage details and metadata
Line item 89: service usage details and metadata
Line item 90: service usage details and metadata
Line item 91: service usage details and metadata
Line item 92: service usage details and metadata
Line item 93: service usage details and metadata
Line item 94: service usage details and metadata
Line item 95: service usage details and metadata
Line item 96: service usage details and metadata
Line item 97: service usage details and metadata
Line item 98: service usage details and metadata
Line item 99: service usage details and metadata
Line item 100: service usage details and metadata
Line item 101: service usage details and metadata
Line item 102: service usage details and metadata
Line item 103: service usage details and metadata
Line item 104: service usage details and metadata
Line item 105: service usage details and metadata
Line item 106: service usage details and metadata
Line item 107: service usage details and metadata
Line item 108: service usage details and metadata
Line item 109: service usage details and metadata
Line item 110: service usage details and metadata
Line item 111: service usage details and metadata
Line item 112: service usage details and metadata
Line item 113: service usage details and metadata
Line item 114: service usage details and metadata
Line item 115: service usage details and metadata
Line item 116: service usage details and metadata
Line item 117: service usage details and metadata
Line item 118: service usage details and metadata
Line item 119: service usage details and metadata
Line item 120: service usage details and metadata
Line item 121: service usage details and metadata
Line item 122: service usage details and metadata
Line item 123: service usage details and metadata
Line item 124: service usage details and metadata
Line item 125: service usage details and metadata
Line item 126: service usage details and metadata
Line item 127: service usage details and metadata
Line item 128: service usage details and metadata
Line item 129: service usage details and metadata
Line item 130: service usage details and metadata
Line item 131: service usage details and metadata
Line item 132: service usage details and metadata
Line item 133: service usage details and metadata
Line item 134: service usage details and metadata
Line item 135: service usage details and metadata
Line item 136: service usage details and metadata
Line item 137: service usage details and metadata
Line item 138: service usage details and metadata
Line item 139: service usage details and metadata
Line item 140: service usage details and metadata
Line item 141: service usage details and metadata
Line item 142: service usage details and metadata
Line item 143: service usage details and metadata
Line item 144: service usage details and metadata
Line item 145: service usage details and metadata
Line item 146: service usage details and metadata
Line item 147: service usage details and metadata
Line item 148: service usage details and metadata
Line item 149: service usage details and metadata
Line item 150: service usage details and metadata
Line item 151: service usage details and metadata
Line item 152: service usage details and metadata
Line item 153: service usage details and metadata
Line item 154: service usage details and metadata
Line item 155: service usage details and metadata
Line item 156: service usage details and metadata
Line item 157: service usage details and metadata
Line item 158: service usage details and metadata
Line item 159: service usage details and metadata
Line item 160: service usage details and metadata
Line item 161: service usage details and metadata
Line item 162: service usage details and metadata
Line item 163: service usage details and metadata
Line item 164: service usage details and metadata
Line item 165: service usage details and metadata
Line item 166: service usage details and metadata
Line item 167: service usage details and metadata
Line item 168: service usage details and metadata
Line item 169: service usage details and metadata
Line item 170: service usage details and metadata
Line item 171: service usage details and metadata
Line item 172: service usage details and metadata
Line item 173: service usage details and metadata
Line item 174: service usage details and metadata
Line item 175: service usage details and metadata
Line item 176: service usage details and metadata
Line item 177: service usage details and metadata
Line item 178: service usage details and metadata
Line item 179: service usage details and metadata
Line item 180: service usage details and metadata
Line item 181: service usage details and metadata
Line item 182: service usage details and metadata
Line item 183: service usage details and metadata
Line item 184: service usage details and metadata
Line item 185: service usage details and metadata
Line item 186: service usage details and metadata
Line item 187: service usage details and metadata
Line item 188: service usage details and metadata
Line item 189: service usage details and metadata
Line item 190: service usage details and metadata
Line item 191: service usage details and metadata
Line item 192: service usage details and metadata
Line item 193: service usage details and metadata
Line item 194: service usage details and metadata
Line item 195: service usage details and metadata
Line item 196: service usage details and metadata
Line item 197: service usage details and metadata
Line item 198: service usage details and metadata
Line item 199: service usage details and metadata
Line item 200: service usage details and metadata
Line item 201: service usage details and metadata
Line item 202: service usage details and metadata
Line item 203: service usage details and metadata
Line item 204: service usage details and metadata
Line item 205: service usage details and metadata
Line item 206: service usage details and metadata
Line item 207: service usage details and metadata
Line item 208: service usage details and metadata
Line item 209: service usage details and metadata
Line item 210: service usage details and metadata
Line item 211: service usage details and metadata
Line item 212: service usage details and metadata
Line item 213: service usage details and metadata
Line item 214: service usage details and metadata
Line item 215: service usage details and metadata
Line item 216: service usage details and metadata
Line item 217: service usage details and metadata
Line item 218: service usage details and metadata
Line item 219: service usage details and metadata
Line item 220: service usage details and metadata
Line item 221: service usage details and metadata
Line item 222: service usage details and metadata
Line item 223: service usage details and metadata
Line item 224: service usage details and metadata
Line item 225: service usage details and metadata
Line item 226: service usage details and metadata
Line item 227: service usage details and metadata
Line item 228: service usage details and metadata
Line item 229: service usage details and metadata
Line item 230: service usage details and metadata
Line item 231: service usage details and metadata
Line item 232: service usage details and metadata
Line item 233: service usage details and metadata
Line item 234: service usage details and metadata
Line item 235: service usage details and metadata
Line item 236: service usage details and metadata
Line item 237: service usage details and metadata
Line item 238: service usage details and metadata
Line item 239: service usage details and metadata
Line item 240: service usage details and metadata
Line item 241: service usage details and metadata
Line item 242: service usage details and metadata
Line item 243: service usage details and metadata
Line item 244: service usage details and metadata
Line item 245: service usage details and metadata
Line item 246: service usage details and metadata
Line item 247: service usage details and metadata
Line item 248: service usage details and metadata
Line item 249: service usage details and metadata
Line item 250: service usage details and metadata
Line item 251: service usage details and metadata
Line item 252: service usage details and metadata
Line item 253: service usage details and metadata
Line item 254: service usage details and metadata
Line item 255: service usage details and metadata
Line item 256: service usage details and metadata
Line item 257: service usage details and metadata
Line item 258: service usage details and metadata
Line item 259: service usage details and metadata
Line item 260: service usage details and metadata
Line item 261: service usage details and metadata
Line item 262: service usage details and metadata
Line item 263: service usage details and metadata
Line item 264: service usage details and metadata
Line item 265: service usage details and metadata
Line item 266: service usage details and metadata
Line item 267: service usage details and metadata
Line item 268: service usage details and metadata
Line item 269: service usage details and metadata
Line item 270: service usage details and metadata
Line item 271: service usage details and metadata
Line item 272: service usage details and metadata
Line item 273: service usage details and metadata
Line item 274: service usage details and metadata
Line item 275: service usage details and metadata
Line item 276: service usage details and metadata
Line item 277: service usage details and metadata
Line item 278: service usage details and metadata
Line item 279: service usage details and metadata
Line item 280: service usage details and metadata
Line item 281: service usage details and metadata
Line item 282: service usage details and metadata
Line item 283: service usage details and metadata
Line item 284: service usage details and metadata
Line item 285: service usage details and metadata
Line item 286: service usage details and metadata
Line item 287: service usage details and metadata
Line item 288: service usage details and metadata
Line item 289: service usage details and metadata
Line item 290: service usage details and metadata
Line item 291: service usage details and metadata
Line item 292: service usage details and metadata
Line item 293: service usage details and metadata
Line item 294: service usage details and metadata
Line item 295: service usage details and metadata
Line item 296: service usage details and metadata
Line item 297: service usage details and metadata
Line item 298: service usage details and metadata
Line item 299: service usage details and metadata
Line item 300: service usage details and metadata
Line item 301: service usage details and metadata
Line item 302: service usage details and metadata
Line item 303: service usage details and metadata
Line item 304: service usage details and metadata
Line item 305: service usage details and metadata
Line item 306: service usage details and metadata
Line item 307: service usage details and metadata
Line item 308: service usage details and metadata
Line item 309: service usage details and metadata
Line item 310: service usage details and metadata
Line item 311: service usage details and metadata
Line item 312: service usage details and metadata
Line item 313: service usage details and metadata
Line item 314: service usage details and metadata
Line item 315: service usage details and metadata
Line item 316: service usage details and metadata
Line item 317: service usage details and metadata
Line item 318: service usage details and metadata
Line item 319: service usage details and metadata
Line item 320: service usage details and metadata
Line item 321: service usage details and metadata
Line item 322: service usage details and metadata
Line item 323: service usage details and metadata
Line item 324: service usage details and metadata
Line item 325: service usage details and metadata
Line item 326: service usage details and metadata
Line item 327: service usage details and metadata
Line item 328: service usage details and metadata
Line item 329: service usage details and metadata
Line item 330: service usage details and metadata
Line item 331: service usage details and metadata
Line item 332: service usage details and metadata
Line item 333: service usage details and metadata
Line item 334: service usage details and metadata
Line item 335: service usage details and metadata
Line item 336: service usage details and metadata
Line item 337: service usage details and metadata
Line item 338: service usage details and metadata
Line item 339: service usage details and metadata
Line item 340: service usage details and metadata
Line item 341: service usage details and metadata
Line item 342: service usage details and metadata
Line item 343: service usage details and metadata
Line item 344: service usage details and metadata
Line item 345: service usage details and metadata
Line item 346: service usage details and metadata
Line item 347: service usage details and metadata
Line item 348: service usage details and metadata
Line item 349: service usage details and metadata
Line item 350: service usage details and metadata
Line item 351: service usage details and metadata
Line item 352: service usage details and metadata
Line item 353: service usage details and metadata
Line item 354: service usage details and metadata
Line item 355: service usage details and metadata
Line item 356: service usage details and metadata
Line item 357: service usage details and metadata
Line item 358: service usage details and metadata
Line item 359: service usage details and metadata
Line item 360: service usage details and metadata
Line item 361: service usage details and metadata
Line item 362: service usage details and metadata
Line item 363: service usage details and metadata
Line item 364: service usage details and metadata
Line item 365: service usage details and metadata
Line item 366: service usage details and metadata
Line item 367: service usage details and metadata
Line item 368: service usage details and metadata
Line item 369: service usage details and metadata
Line item 370: service usage details and metadata
Line item 371: service usage details and metadata
Line item 372: service usage details and metadata
Line item 373: service usage details and metadata
Line item 374: service usage details and metadata
Line item 375: service usage details and metadata
Line item 376: service usage details and metadata
Line item 377: service usage details and metadata
Line item 378: service usage details and metadata
Line item 379: service usage details and metadata
Line item 380: service usage details and metadata
Line item 381: service usage details and metadata
Line item 382: service usage details and metadata
Line item 383: service usage details and metadata
Line item 384: service usage details and metadata
Line item 385: service usage details and metadata
Line item 386: service usage details and metadata
Line item 387: service usage details and metadata
Line item 388: service usage details and metadata
Line item 389: service usage details and metadata
Line item 390: service usage details and metadata
Line item 391: service usage details and metadata
Line item 392: service usage details and metadata
Line item 393: service usage details and metadata
Line item 394: service usage details and metadata
Line item 395: service usage details and metadata
Line item 396: service usage details and metadata
Line item 397: service usage details and metadata
Line item 398: service usage details and metadata
Line item 399: service usage details and metadata
Line item 400: service usage details and metadata
Line item 401: service usage details and metadata
Line item 402: service usage details and metadata
Line item 403: service usage details and metadata
Line item 404: service usage details and metadata
Line item 405: service usage details and metadata
Line item 406: service usage details and metadata
Line item 407: service usage details and metadata
Line item 408: service usage details and metadata
Line item 409: service usage details and metadata
Line item 410: service usage details and metadata
Line item 411: service usage details and metadata
Line item 412: service usage details and metadata
Line item 413: service usage details and metadata
Line item 414: service usage details and metadata
Line item 415: service usage details and metadata
Line item 416: service usage details and metadata
Line item 417: service usage details and metadata
Line item 418: service usage details and metadata
Line item 419: service usage details and metadata
Line item 420: service usage details and metadata
Line item 421: service usage details and metadata
Line item 422: service usage details and metadata
Line item 423: service usage details and metadata
Line item 424: service usage details and metadata
Line item 425: service usage details and metadata
Line item 426: service usage details and metadata
Line item 427: service usage details and metadata
Line item 428: service usage details and metadata
Line item 429: service usage details and metadata
Line item 430: service usage details and metadata
Line item 431: service usage details and metadata
Line item 432: service usage details and metadata
Line item 433: service usage details and metadata
Line item 434: service usage details and metadata
Line item 435: service usage details and metadata
Line item 436: service usage details and metadata
Line item 437: service usage details and metadata
Line item 438: service usage details and metadata
Line item 439: service usage details and metadata
Line item 440: service usage details and metadata
Line item 441: service usage details and metadata
Line item 442: service usage details and metadata
Line item 443: service usage details and metadata
Line item 444: service usage details and metadata
Line item 445: service usage details and metadata
Line item 446: service usage details and metadata
Line item 447: service usage details and metadata
Line item 448: service usage details and metadata
Line item 449: service usage details and metadata
Line item 450: service usage details and metadata
Line item 451: service usage details and metadata
Line item 452: service usage details and metadata
Line item 453: service usage details and metadata
Line item 454: service usage details and metadata
Line item 455: service usage details and metadata
Line item 456: service usage details and metadata
Line item 457: service usage details and metadata
Line item 458: service usage details and metadata
Line item 459: service usage details and metadata
Line item 460: service usage details and metadata
Line item 461: service usage details and metadata
Line item 462: service usage details and metadata
Line item 463: service usage details and metadata
Line item 464: service usage details and metadata
Line item 465: service usage details and metadata
Line item 466: service usage details and metadata
Line item 467: service usage details and metadata
Line item 468: service usage details and metadata
Line item 469: service usage details and metadata
Line item 470: service usage details and metadata
Line item 471: service usage details and metadata
Line item 472: service usage details and metadata
Line item 473: service usage details and metadata
Line item 474: service usage details and metadata
Line item 475: service usage details and metadata
Line item 476: service usage details and metadata
Line item 477: service usage details and metadata
Line item 478: service usage details and metadata
Line item 479: service usage details and metadata
Line item 480: service usage details and metadata
Line item 481: service usage details and metadata
Line item 482: service usage details and metadata
Line item 483: service usage details and metadata
Line item 484: service usage details and metadata
Line item 485: service usage details and metadata
Line item 486: service usage details and metadata
Line item 487: service usage details and metadata
Line item 488: service usage details and metadata
Line item 489: service usage details and metadata
Line item 490: service usage details and metadata
Line item 491: service usage details and metadata
Line item 492: service usage details and metadata
Line item 493: service usage details and metadata
Line item 494: service usage details and metadata
Line item 495: service usage details and metadata
Line item 496: service usage details and metadata
Line item 497: service usage details and metadata
Line item 498: service usage details and metadata
Line item 499: service usage details and metadata
Line item 500: service usage details and metadata
Line item 501: service usage details and metadata
Line item 502: service usage details and metadata
Line item 503: service usage details and metadata
Line item 504: service usage details and metadata
Line item 505: service usage details and metadata
Line item 506: service usage details and metadata
Line item 507: service usage details and metadata
Line item 508: service usage details and metadata
Line item 509: service usage details and metadata
Line item 510: service usage details and metadata
Line item 511: service usage details and metadata
Line item 512: service usage details and metadata
Line item 513: service usage details and metadata
Line item 514: service usage details and metadata
Line item 515: service usage details and metadata
Line item 516: service usage details and metadata
Line item 517: service usage details and metadata
Line item 518: service usage details and metadata
Line item 519: service usage details and metadata
Line item 520: service usage details and metadata
Line item 521: service usage details and metadata
Line item 522: service usage details and metadata
Line item 523: service usage details and metadata
Line item 524: service usage details and metadata
Line item 525: service usage details and metadata
Line item 526: service usage details and metadata
Line item 527: service usage details and metadata
Line item 528: service usage details and metadata
Line item 529: service usage details and metadata
Line item 530: service usage details and metadata
Line item 531: service usage details and metadata
Line item 532: service usage details and metadata
Line item 533: service usage details and metadata
Line item 534: service usage details and metadata
Line item 535: service usage details and metadata
Line item 536: service usage details and metadata
Line item 537: service usage details and metadata
Line item 538: service usage details and metadata
Line item 539: service usage details and metadata
Line item 540: service usage details and metadata
Line item 541: service usage details and metadata
Line item 542: service usage details and metadata
Line item 543: service usage details and metadata
Line item 544: service usage details and metadata
Line item 545: service usage details and metadata
Line item 546: service usage details and metadata
Line item 547: service usage details and metadata
Line item 548: service usage details and metadata
Line item 549: service usage details and metadata
Line item 550: service usage details and metadata
Line item 551: service usage details and metadata
Line item 552: service usage details and metadata
Line item 553: service usage details and metadata
Line item 554: service usage details and metadata
Line item 555: service usage details and metadata
Line item 556: service usage details and metadata
Line item 557: service usage details and metadata
Line item 558: service usage details and metadata
Line item 559: service usage details and metadata
Line item 560: service usage details and metadata
Line item 561: service usage details and metadata
Line item 562: service usage details and metadata
Line item 563: service usage details and metadata
Line item 564: service usage details and metadata
Line item 565: service usage details and metadata
Line item 566: service usage details and metadata
Line item 567: service usage details and metadata
Line item 568: service usage details and metadata
Line item 569: service usage details and metadata
Line item 570: service usage details and metadata
Line item 571: service usage details and metadata
Line item 572: service usage details and metadata
Line item 573: service usage details and metadata
Line item 574: service usage details and metadata
Line item 575: service usage details and metadata
Line item 576: service usage details and metadata
Line item 577: service usage details and metadata
Line item 578: service usage details and metadata
Line item 579: service usage details and metadata
Line item 580: service usage details and metadata
Line item 581: service usage details and metadata
Line item 582: service usage details and metadata
Line item 583: service usage details and metadata
Line item 584: service usage details and metadata
Line item 585: service usage details and metadata
Line item 586: service usage details and metadata
Line item 587: service usage details and metadata
Line item 588: service usage details and metadata
Line item 589: service usage details and metadata
Line item 590: service usage details and metadata
Line item 591: service usage details and metadata
Line item 592: service usage details and metadata
Line item 593: service usage details and metadata
Line item 594: service usage details and metadata
Line item 595: service usage details and metadata
Line item 596: service usage details and metadata
Line item 597: service usage details and metadata
Line item 598: service usage details and metadata
Line item 599: service usage details and metadata
Line item 600: service usage details and metadata
Line item 601: service usage details and metadata
Line item 602: service usage details and metadata
Line item 603: service usage details and metadata
Line item 604: service usage details and metadata
Line item 605: service usage details and metadata
Line item 606: service usage details and metadata
Line item 607: service usage details and metadata
Line item 608: service usage details and metadata
Line item 609: service usage details and metadata
Line item 610: service usage details and metadata
Line item 611: service usage details and metadata
Line item 612: service usage details and metadata
Line item 613: service usage details and metadata
Line item 614: service usage details and metadata
Line item 615: service usage details and metadata
Line item 616: service usage details and metadata
Line item 617: service usage details and metadata
Line item 618: service usage details and metadata
Line item 619: service usage details and metadata
Line item 620: service usage details and metadata
Line item 621: service usage details and metadata
Line item 622: service usage details and metadata
Line item 623: service usage details and metadata
Line item 624: service usage details and metadata
Line item 625: service usage details and metadata
Line item 626: service usage details and metadata
Line item 627: service usage details and metadata
Line item 628: service usage details and metadata
Line item 629: service usage details and metadata
Line item 630: service usage details and metadata
Line item 631: service usage details and metadata
Line item 632: service usage details and metadata
Line item 633: service usage details and metadata
Line item 634: service usage details and metadata
Line item 635: service usage details and metadata
Line item 636: service usage details and metadata
Line item 637: service usage details and metadata
Line item 638: service usage details and metadata
Line item 639: service usage details and metadata
Line item 640: service usage details and metadata
Line item 641: service usage details and metadata
Line item 642: service usage details and metadata
Line item 643: service usage details and metadata
Line item 644: service usage details and metadata
Line item 645: service usage details and metadata
Line item 646: service usage details and metadata
Line item 647: service usage details and metadata
Line item 648: service usage details and metadata
Line item 649: service usage details and metadata
Line item 650: service usage details and metadata
Line item 651: service usage details and metadata
Line item 652: service usage details and metadata
Line item 653: service usage details and metadata
Line item 654: service usage details and metadata
Line item 655: service usage details and metadata
Line item 656: service usage details and metadata
Line item 657: service usage details and metadata
Line item 658: service usage details and metadata
Line item 659: service usage details and metadata
Line item 660: service usage details and metadata
Line item 661: service usage details and metadata
Line item 662: service usage details and metadata
Line item 663: service usage details and metadata
Line item 664: service usage details and metadata
Line item 665: service usage details and metadata
Line item 666: service usage details and metadata
Line item 667: service usage details and metadata
Line item 668: service usage details and metadata
Line item 669: service usage details and metadata
Line item 670: service usage details and metadata
Line item 671: service usage details and metadata
Line item 672: service usage details and metadata
Line item 673: service usage details and metadata
Line item 674: service usage details and metadata
Line item 675: service usage details and metadata
Line item 676: service usage details and metadata
Line item 677: service usage details and metadata
Line item 678: service usage details and metadata
Line item 679: service usage details and metadata
Line item 680: service usage details and metadata
Line item 681: service usage details and metadata
Line item 682: service usage details and metadata
Line item 683: service usage details and metadata
Line item 684: service usage details and metadata
Line item 685: service usage details and metadata
Line item 686: service usage details and metadata
Line item 687: service usage details and metadata
Line item 688: service usage details and metadata
Line item 689: service usage details and metadata
Line item 690: service usage details and metadata
Line item 691: service usage details and metadata
Line item 692: service usage details and metadata
Line item 693: service usage details and metadata
Line item 694: service usage details and metadata
Line item 695: service usage details and metadata
Line item 696: service usage details and metadata
Line item 697: service usage details and metadata
Line item 698: service usage details and metadata
Line item 699: service usage details and metadata
Line item 700: service usage details and metadata
Line item 701: service usage details and metadata
Line item 702: service usage details and metadata
Line item 703: service usage details and metadata
Line item 704: service usage details and metadata
Line item 705: service usage details and metadata
Line item 706: service usage details and metadata
Line item 707: service usage details and metadata
Line item 708: service usage details and metadata
Line item 709: service usage details and metadata
Line item 710: service usage details and metadata
Line item 711: service usage details and metadata
Line item 712: service usage details and metadata
Line item 713: service usage details and metadata
Line item 714: service usage details and metadata
Line item 715: service usage details and metadata
Line item 716: service usage details and metadata
Line item 717: service usage details and metadata
Line item 718: service usage details and metadata
Line item 719: service usage details and metadata
Line item 720: service usage details and metadata
Line item 721: service usage details and metadata
Line item 722: service usage details and metadata
Line item 723: service usage details and metadata
Line item 724: service usage details and metadata
Line item 725: service usage details and metadata
Line item 726: service usage details and metadata
Line item 727: service usage details and metadata
Line item 728: service usage details and metadata
Line item 729: service usage details and metadata
Line item 730: service usage details and metadata
Line item 731: service usage details and metadata
Line item 732: service usage details and metadata
Line item 733: service usage details and metadata
Line item 734: service usage details and metadata
Line item 735: service usage details and metadata
Line item 736: service usage details and metadata
Line item 737: service usage details and metadata
Line item 738: service usage details and metadata
Line item 739: service usage details and metadata
Line item 740: service usage details and metadata
Line item 741: service usage details and metadata
Line item 742: service usage details and metadata
Line item 743: service usage details and metadata
Line item 744: service usage details and metadata
Line item 745: service usage details and metadata
Line item 746: service usage details and metadata
Line item 747: service usage details and metadata
Line item 748: service usage details and metadata
Line item 749: service usage details and metadata
Line item 750: service usage details and metadata
Line item 751: service usage details and metadata
Line item 752: service usage details and metadata
Line item 753: service usage details and metadata
Line item 754: service usage details and metadata
Line item 755: service usage details and metadata
Line item 756: service usage details and metadata
Line item 757: service usage details and metadata
Line item 758: service usage details and metadata
Line item 759: service usage details and metadata
Line item 760: service usage details and metadata
Line item 761: service usage details and metadata
Line item 762: service usage details and metadata
Line item 763: service usage details and metadata
Line item 764: service usage details and metadata
Line item 765: service usage details and metadata
Line item 766: service usage details and metadata
Line item 767: service usage details and metadata
Line item 768: service usage details and metadata
Line item 769: service usage details and metadata
Line item 770: service usage details and metadata
Line item 771: service usage details and metadata
Line item 772: service usage details and metadata
Line item 773: service usage details and metadata
Line item 774: service usage details and metadata
Line item 775: service usage details and metadata
Line item 776: service usage details and metadata
Line item 777: service usage details and metadata
Line item 778: service usage details and metadata
Line item 779: service usage details and metadata
Line item 780: service usage details and metadata
Line item 781: service usage details and metadata
Line item 782: service usage details and metadata
Line item 783: service usage details and metadata
Line item 784: service usage details and metadata
Line item 785: service usage details and metadata
Line item 786: service usage details and metadata
Line item 787: service usage details and metadata
Line item 788: service usage details and metadata
Line item 789: service usage details and metadata
Line item 790: service usage details and metadata
Line item 791: service usage details and metadata
Line item 792: service usage details and metadata
Line item 793: service usage details and metadata
Line item 794: service usage details and metadata
Line item 795: service usage details and metadata
Line item 796: service usage details and metadata
Line item 797: service usage details and metadata
Line item 798: service usage details and metadata
Line item 799: service usage details and metadata
Line item 800: service usage details and metadata
Line item 801: service usage details and metadata
Line item 802: service usage details and metadata
Line item 803: service usage details and metadata
Line item 804: service usage details and metadata
Line item 805: service usage details and metadata
Line item 806: service usage details and metadata
Line item 807: service usage details and metadata
Line item 808: service usage details and metadata
Line item 809: service usage details and metadata
Line item 810: service usage details and metadata
Line item 811: service usage details and metadata
Line item 812: service usage details and metadata
Line item 813: service usage details and metadata
Line item 814: service usage details and metadata
Line item 815: service usage details and metadata
Line item 816: service usage details and metadata
Line item 817: service usage details and metadata
Line item 818: service usage details and metadata
Line item 819: service usage details and metadata
Line item 820: service usage details and metadata
Line item 821: service usage details and metadata
Line item 822: service usage details and metadata
Line item 823: service usage details and metadata
Line item 824: service usage details and metadata
Line item 825: service usage details and metadata
Line item 826: service usage details and metadata
Line item 827: service usage details and metadata
Line item 828: service usage details and metadata
Line item 829: service usage details and metadata
Line item 830: service usage details and metadata
Line item 831: service usage details and metadata
Line item 832: service usage details and metadata
Line item 833: service usage details and metadata
Line item 834: service usage details and metadata
Line item 835: service usage details and metadata
Line item 836: service usage details and metadata
Line item 837: service usage details and metadata
Line item 838: service usage details and metadata
Line item 839: service usage details and metadata
Line item 840: service usage details and metadata
Line item 841: service usage details and metadata
Line item 842: service usage details and metadata
Line item 843: service usage details and metadata
Line item 844: service usage details and metadata
Line item 845: service usage details and metadata
Line item 846: service usage details and metadata
Line item 847: service usage details and metadata
Line item 848: service usage details and metadata
Line item 849: service usage details and metadata
Line item 850: service usage details and metadata
Line item 851: service usage details and metadata
Line item 852: service usage details and metadata
Line item 853: service usage details and metadata
Line item 854: service usage details and metadata
Line item 855: service usage details and metadata
Line item 856: service usage details and metadata
Line item 857: service usage details and metadata
Line item 858: service usage details and metadata
Line item 859: service usage details and metadata
Line item 860: service usage details and metadata
Line item 861: service usage details and metadata
Line item 862: service usage details and metadata
Line item 863: service usage details and metadata
Line item 864: service usage details and metadata
Line item 865: service usage details and metadata
Line item 866: service usage details and metadata
Line item 867: service usage details and metadata
Line item 868: service usage details and metadata
Line item 869: service usage details and metadata
Line item 870: service usage details and metadata
Line item 871: service usage details and metadata
Line item 872: service usage details and metadata
Line item 873: service usage details and metadata
Line item 874: service usage details and metadata
Line item 875: service usage details and metadata
Line item 876: service usage details and metadata
Line item 877: service usage details and metadata
Line item 878: service usage details and metadata
Line item 879: service usage details and metadata
Line item 880: service usage details and metadata
Line item 881: service usage details and metadata
Line item 882: service usage details and metadata
Line item 883: service usage details and metadata
Line item 884: service usage details and metadata
Line item 885: service usage details and metadata
Line item 886: service usage details and metadata
Line item 887: service usage details and metadata
Line item 888: service usage details and metadata
Line item 889: service usage details and metadata
Line item 890: service usage details and metadata
Line item 891: service usage details and metadata
Line item 892: service usage details and metadata
Line item 893: service usage details and metadata
Line item 894: service usage details and metadata
Line item 895: service usage details and metadata
Line item 896: service usage details and metadata
Line item 897: service usage details and metadata
Line item 898: service usage details and metadata
Line item 899: service usage details and metadata
Line item 900: service usage details and metadata
Line item 901: service usage details and metadata
Line item 902: service usage details and metadata
Line item 903: service usage details and metadata
Line item 904: service usage details and metadata
Line item 905: service usage details and metadata
Line item 906: service usage details and metadata
Line item 907: service usage details and metadata
Line item 908: service usage details and metadata
Line item 909: service usage details and metadata
Line item 910: service usage details and metadata
Line item 911: service usage details and metadata
Line item 912: service usage details and metadata
Line item 913: service usage details and metadata
Line item 914: service usage details and metadata
Line item 915: service usage details and metadata
Line item 916: service usage details and metadata
Line item 917: service usage details and metadata
Line item 918: service usage details and metadata
Line item 919: service usage details and metadata
Line item 920: service usage details and metadata
Line item 921: service usage details and metadata
Line item 922: service usage details and metadata
Line item 923: service usage details and metadata
Line item 924: service usage details and metadata
Line item 925: service usage details and metadata
Line item 926: service usage details and metadata
Line item 927: service usage details and metadata
Line item 928: service usage details and metadata
Line item 929: service usage details and metadata
Line item 930: service usage details and metadata
Line item 931: service usage details and metadata
Line item 932: service usage details and metadata
Line item 933: service usage details and metadata
Line item 934: service usage details and metadata
Line item 935: service usage details and metadata
Line item 936: service usage details and metadata
Line item 937: service usage details and metadata
Line item 938: service usage details and metadata
Line item 939: service usage details and metadata
Line item 940: service usage details and metadata
Line item 941: service usage details and metadata
Line item 942: service usage details and metadata
Line item 943: service usage details and metadata
Line item 944: service usage details and metadata
Line item 945: service usage details and metadata
Line item 946: service usage details and metadata
Line item 947: service usage details and metadata
Line item 948: service usage details and metadata
Line item 949: service usage details and metadata
Line item 950: service usage details and metadata
Line item 951: service usage details and metadata
Line item 952: service usage details and metadata
Line item 953: service usage details and metadata
Line item 954: service usage details and metadata
Line item 955: service usage details and metadata
Line item 956: service usage details and metadata
Line item 957: service usage details and metadata
Line item 958: service usage details and metadata
Line item 959: service usage details and metadata
Line item 960: service usage details and metadata
Line item 961: service usage details and metadata
Line item 962: service usage details and metadata
Line item 963: service usage details and metadata
Line item 964: service usage details and metadata
Line item 965: service usage details and metadata
Line item 966: service usage details and metadata
Line item 967: service usage details and metadata
Line item 968: service usage details and metadata
Line item 969: service usage details and metadata
Line item 970: service usage details and metadata
Line item 971: service usage details and metadata
Line item 972: service usage details and metadata
Line item 973: service usage details and metadata
Line item 974: service usage details and metadata
Line item 975: service usage details and metadata
Line item 976: service usage details and metadata
Line item 977: service usage details and metadata
Line item 978: service usage details and metadata
Line item 979: service usage details and metadata
Line item 980: service usage details and metadata
Line item 981: service usage details and metadata
Line item 982: service usage details and metadata
Line item 983: service usage details and metadata
Line item 984: service usage details and metadata
Line item 985: service usage details and metadata
Line item 986: service usage details and metadata
Line item 987: service usage details and metadata
Line item 988: service usage details and metadata
Line item 989: service usage details and metadata
Line item 990: service usage details and metadata
Line item 991: service usage details and metadata
Line item 992: service usage details and metadata
Line item 993: service usage details and metadata
Line item 994: service usage details and metadata
Line item 995: service usage details and metadata
Line item 996: service usage details and metadata
Line item 997: service usage details and metadata
Line item 998: service usage details and metadata
Line item 999: service usage details and metadata
Line item 1000: service usage details and metadata
Line item 1001: service usage details and metadata
Line item 1002: service usage details and metadata
Line item 1003: service usage details and metadata
Line item 1004: service usage details and metadata
Line item 1005: service usage details and metadata
Line item 1006: service usage details and metadata
Line item 1007: service usage details and metadata
Line item 1008: service usage details and metadata
Line item 1009: service usage details and metadata
Line item 1010: service usage details and metadata
Line item 1011: service usage details and metadata
Line item 1012: service usage details and metadata
Line item 1013: service usage details and metadata
Line item 1014: service usage details and metadata
Line item 1015: service usage details and metadata
Line item 1016: service usage details and metadata
Line item 1017: service usage details and metadata
Line item 1018: service usage details and metadata
Line item 1019: service usage details and metadata
Line item 1020: service usage details and metadata
Line item 1021: service usage details and metadata
Line item 1022: service usage details and metadata
Line item 1023: service usage details and metadata
Line item 1024: service usage details and metadata
Line item 1025: service usage details and metadata
Line item 1026: service usage details and metadata
Line item 1027: service usage details and metadata
Line item 1028: service usage details and metadata
Line item 1029: service usage details and metadata
Line item 1030: service usage details and metadata
Line item 1031: service usage details and metadata
Line item 1032: service usage details and metadata
Line item 1033: service usage details and metadata
Line item 1034: service usage details and metadata
Line item 1035: service usage details and metadata
Line item 1036: service usage details and metadata
Line item 1037: service usage details and metadata
Line item 1038: service usage details and metadata
Line item 1039: service usage details and metadata
Line item 1040: service usage details and metadata
Line item 1041: service usage details and metadata
Line item 1042: service usage details and metadata
Line item 1043: service usage details and metadata
Line item 1044: service usage details and metadata
Line item 1045: service usage details and metadata
Line item 1046: service usage details and metadata
Line item 1047: service usage details and metadata
Line item 1048: service usage details and metadata
Line item 1049: service usage details and metadata
Line item 1050: service usage details and metadata
Line item 1051: service usage details and metadata
Line item 1052: service usage details and metadata
Line item 1053: service usage details and metadata
Line item 1054: service usage details and metadata
Line item 1055: service usage details and metadata
Line item 1056: service usage details and metadata
Line item 1057: service usage details and metadata
Line item 1058: service usage details and metadata
Line item 1059: service usage details and metadata
Line item 1060: service usage details and metadata
Line item 1061: service usage details and metadata
Line item 1062: service usage details and metadata
Line item 1063: service usage details and metadata
Line item 1064: service usage details and metadata
Line item 1065: service usage details and metadata
Line item 1066: service usage details and metadata
Line item 1067: service usage details and metadata
Line item 1068: service usage details and metadata
Line item 1069: service usage details and metadata
Line item 1070: service usage details and metadata
Line item 1071: service usage details and metadata
Line item 1072: service usage details and metadata
Line item 1073: service usage details and metadata
Line item 1074: service usage details and metadata
Line item 1075: service usage details and metadata
Line item 1076: service usage details and metadata
Line item 1077: service usage details and metadata
Line item 1078: service usage details and metadata
Line item 1079: service usage details and metadata
Line item 1080: service usage details and metadata
Line item 1081: service usage details and metadata
Line item 1082: service usage details and metadata
Line item 1083: service usage details and metadata
Line item 1084: service usage details and metadata
Line item 1085: service usage details and metadata
Line item 1086: service usage details and metadata
Line item 1087: service usage details and metadata
Line item 1088: service usage details and metadata
Line item 1089: service usage details and metadata
Line item 1090: service usage details and metadata
Line item 1091: service usage details and metadata
Line item 1092: service usage details and metadata
Line item 1093: service usage details and metadata
Line item 1094: service usage details and metadata
Line item 1095: service usage details and metadata
Line item 1096: service usage details and metadata
Line item 1097: service usage details and metadata
Line item 1098: service usage details and metadata
Line item 1099: service usage details and metadata
Line item 1100: service usage details and metadata
Line item 1101: service usage details and metadata
Line item 1102: service usage details and metadata
Line item 1103: service usage details and metadata
Line item 1104: service usage details and metadata
Line item 1105: service usage details and metadata
Line item 1106: service usage details and metadata
Line item 1107: service usage details and metadata
Line item 1108: service usage details and metadata
Line item 1109: service usage details and metadata
Line item 1110: service usage details and metadata
Line item 1111: service usage details and metadata
Line item 1112: service usage details and metadata
Line item 1113: service usage details and metadata
Line item 1114: service usage details and metadata
Line item 1115: service usage details and metadata
Line item 1116: service usage details and metadata
Line item 1117: service usage details and metadata
Line item 1118: service usage details and metadata
Line item 1119: service usage details and metadata
Line item 1120: service usage details and metadata
Line item 1121: service usage details and metadata
Line item 1122: service usage details and metadata
Line item 1123: service usage details and metadata
Line item 1124: service usage details and metadata
Line item 1125: service usage details and metadata
Line item 1126: service usage details and metadata
Line item 1127: service usage details and metadata
Line item 1128: service usage details and metadata
Line item 1129: service usage details and metadata
Line item 1130: service usage details and metadata
Line item 1131: service usage details and metadata
Line item 1132: service usage details and metadata
Line item 1133: service usage details and metadata
Line item 1134: service usage details and metadata
Line item 1135: service usage details and metadata
Line item 1136: service usage details and metadata
Line item 1137: service usage details and metadata
Line item 1138: service usage details and metadata
Line item 1139: service usage details and metadata
Line item 1140: service usage details and metadata
Line item 1141: service usage details and metadata
Line item 1142: service usage details and metadata
Line item 1143: service usage details and metadata
Line item 1144: service usage details and metadata
Line item 1145: service usage details and metadata
Line item 1146: service usage details and metadata
Line item 1147: service usage details and metadata
Line item 1148: service usage details and metadata
Line item 1149: service usage details and metadata
Line item 1150: service usage details and metadata
Line item 1151: service usage details and metadata
Line item 1152: service usage details and metadata
Line item 1153: service usage details and metadata
Line item 1154: service usage details and metadata
Line item 1155: service usage details and metadata
Line item 1156: service usage details and metadata
Line item 1157: service usage details and metadata
Line item 1158: service usage details and metadata
Line item 1159: service usage details and metadata
Line item 1160: service usage details and metadata
Line item 1161: service usage details and metadata
Line item 1162: service usage details and metadata
Line item 1163: service usage details and metadata
Line item 1164: service usage details and metadata
Line item 1165: service usage details and metadata
Line item 1166: service usage details and metadata
Line item 1167: service usage details and metadata
Line item 1168: service usage details and metadata
Line item 1169: service usage details and metadata
Line item 1170: service usage details and metadata
Line item 1171: service usage details and metadata
Line item 1172: service usage details and metadata
Line item 1173: service usage details and metadata
Line item 1174: service usage details and metadata
Line item 1175: service usage details and metadata
Line item 1176: service usage details and metadata
Line item 1177: service usage details and metadata
Line item 1178: service usage details and metadata
Line item 1179: service usage details and metadata
Line item 1180: service usage details and metadata
Line item 1181: service usage details and metadata
Line item 1182: service usage details and metadata
Line item 1183: service usage details and metadata
Line item 1184: service usage details and metadata
Line item 1185: service usage details and metadata
Line item 1186: service usage details and metadata
Line item 1187: service usage details and metadata
Line item 1188: service usage details and metadata
Line item 1189: service usage details and metadata
Line item 1190: service usage details and metadata
Line item 1191: service usage details and metadata
Line item 1192: service usage details and metadata
Line item 1193: service usage details and metadata
Line item 1194: service usage details and metadata
Line item 1195: service usage details and metadata
Line item 1196: service usage details and metadata
Line item 1197: service usage details and metadata
Line item 1198: service usage details and metadata
Line item 1199: service usage details and metadata
Line item 1200: service usage details and metadata
Line item 1201: service usage details and metadata
Line item 1202: service usage details and metadata
Line item 1203: service usage details and metadata
Line item 1204: service usage details and metadata
Line item 1205: service usage details and metadata
Line item 1206: service usage details and metadata
Line item 1207: service usage details and metadata
Line item 1208: service usage details and metadata
Line item 1209: service usage details and metadata
Line item 1210: service usage details and metadata
Line item 1211: service usage details and metadata
Line item 1212: service usage details and metadata
Line item 1213: service usage details and metadata
Line item 1214: service usage details and metadata
Line item 1215: service usage details and metadata
Line item 1216: service usage details and metadata
Line item 1217: service usage details and metadata
Line item 1218: service usage details and metadata
Line item 1219: service usage details and metadata
Line item 1220: service usage details and metadata
Line item 1221: service usage details and metadata
Line item 1222: service usage details and metadata
Line item 1223: service usage details and metadata
Line item 1224: service usage details and metadata
Line item 1225: service usage details and metadata
Line item 1226: service usage details and metadata
Line item 1227: service usage details and metadata
Line item 1228: service usage details and metadata
Line item 1229: service usage details and metadata
Line item 1230: service usage details and metadata
Line item 1231: service usage details and metadata
Line item 1232: service usage details and metadata
Line item 1233: service usage details and metadata
Line item 1234: service usage details and metadata
Line item 1235: service usage details and metadata
Line item 1236: service usage details and metadata
Line item 1237: service usage details and metadata
Line item 1238: service usage details and metadata
Line item 1239: service usage details and metadata
Line item 1240: service usage details and metadata
Line item 1241: service usage details and metadata
Line item 1242: service usage details and metadata
Line item 1243: service usage details and metadata
Line item 1244: service usage details and metadata
Line item 1245: service usage details and metadata
Line item 1246: service usage details and metadata
Line item 1247: service usage details and metadata
Line item 1248: service usage details and metadata
Line item 1249: service usage details and metadata
Line item 1250: service usage details and metadata
Line item 1251: service usage details and metadata
Line item 1252: service usage details and metadata
Line item 1253: service usage details and metadata
Line item 1254: service usage details and metadata
Line item 1255: service usage details and metadata
Line item 1256: service usage details and metadata
Line item 1257: service usage details and metadata
Line item 1258: service usage details and metadata
Line item 1259: service usage details and metadata
Line item 1260: service usage details and metadata
Line item 1261: service usage details and metadata
Line item 1262: service usage details and metadata
Line item 1263: service usage details and metadata
Line item 1264: service usage details and metadata
Line item 1265: service usage details and metadata
Line item 1266: service usage details and metadata
Line item 1267: service usage details and metadata
Line item 1268: service usage details and metadata
Line item 1269: service usage details and metadata
Line item 1270: service usage details and metadata
Line item 1271: service usage details and metadata
Line item 1272: service usage details and metadata
Line item 1273: service usage details and metadata
Line item 1274: service usage details and metadata
Line item 1275: service usage details and metadata
Line item 1276: service usage details and metadata
Line item 1277: service usage details and metadata
Line item 1278: service usage details and metadata
Line item 1279: service usage details and metadata
Line item 1280: service usage details and metadata
Line item 1281: service usage details and metadata
Line item 1282: service usage details and metadata
Line item 1283: service usage details and metadata
Line item 1284: service usage details and metadata
Line item 1285: service usage details and metadata
Line item 1286: service usage details and metadata
Line item 1287: service usage details and metadata
Line item 1288: service usage details and metadata
Line item 1289: service usage details and metadata
Line item 1290: service usage details and metadata
Line item 1291: service usage details and metadata
Line item 1292: service usage details and metadata
Line item 1293: service usage details and metadata
Line item 1294: service usage details and metadata
Line item 1295: service usage details and metadata
Line item 1296: service usage details and metadata
Line item 1297: service usage details and metadata
Line item 1298: service usage details and metadata
Line item 1299: service usage details and metadata
Line item 1300: service usage details and metadata
Line item 1301: service usage details and metadata
Line item 1302: service usage details and metadata
Line item 1303: service usage details and metadata
Line item 1304: service usage details and metadata
Line item 1305: service usage details and metadata
Line item 1306: service usage details and metadata
Line item 1307: service usage details and metadata
Line item 1308: service usage details and metadata
Line item 1309: service usage details and metadata
Line item 1310: service usage details and metadata
Line item 1311: service usage details and metadata
Line item 1312: service usage details and metadata
Line item 1313: service usage details and metadata
Line item 1314: service usage details and metadata
Line item 1315: service usage details and metadata
Line item 1316: service usage details and metadata
Line item 1317: service usage details and metadata
Line item 1318: service usage details and metadata
Line item 1319: service usage details and metadata
Line item 1320: service usage details and metadata
Line item 1321: service usage details and metadata
Line item 1322: service usage details and metadata
Line item 1323: service usage details and metadata
Line item 1324: service usage details and metadata
Line item 1325: service usage details and metadata
Line item 1326: service usage details and metadata
Line item 1327: service usage details and metadata
Line item 1328: service usage details and metadata
Line item 1329: service usage details and metadata
Line item 1330: service usage details and metadata
Line item 1331: service usage details and metadata
Line item 1332: service usage details and metadata
Line item 1333: service usage details and metadata
Line item 1334: service usage details and metadata
Line item 1335: service usage details and metadata
Line item 1336: service usage details and metadata
Line item 1337: service usage details and metadata
Line item 1338: service usage details and metadata
Line item 1339: service usage details and metadata
Line item 1340: service usage details and metadata
Line item 1341: service usage details and metadata
Line item 1342: service usage details and metadata
Line item 1343: service usage details and metadata
Line item 1344: service usage details and metadata
Line item 1345: service usage details and metadata
Line item 1346: service usage details and metadata
Line item 1347: service usage details and metadata
Line item 1348: service usage details and metadata
Line item 1349: service usage details and metadata
Line item 1350: service usage details and metadata
Line item 1351: service usage details and metadata
Line item 1352: service usage details and metadata
Line item 1353: service usage details and metadata
Line item 1354: service usage details and metadata
Line item 1355: service usage details and metadata
Line item 1356: service usage details and metadata
Line item 1357: service usage details and metadata
Line item 1358: service usage details and metadata
Line item 1359: service usage details and metadata
Line item 1360: service usage details and metadata
Line item 1361: service usage details and metadata
Line item 1362: service usage details and metadata
Line item 1363: service usage details and metadata
Line item 1364: service usage details and metadata
Line item 1365: service usage details and metadata
Line item 1366: service usage details and metadata
Line item 1367: service usage details and metadata
Line item 1368: service usage details and metadata
Line item 1369: service usage details and metadata
Line item 1370: service usage details and metadata
Line item 1371: service usage details and metadata
Line item 1372: service usage details and metadata
Line item 1373: service usage details and metadata
Line item 1374: service usage details and metadata
Line item 1375: service usage details and metadata
Line item 1376: service usage details and metadata
Line item 1377: service usage details and metadata
Line item 1378: service usage details and metadata
Line item 1379: service usage details and metadata
Line item 1380: service usage details and metadata
Line item 1381: service usage details and metadata
Line item 1382: service usage details and metadata
Line item 1383: service usage details and metadata
Line item 1384: service usage details and metadata
Line item 1385: service usage details and metadata
Line item 1386: service usage details and metadata
Line item 1387: service usage details and metadata
Line item 1388: service usage details and metadata
Line item 1389: service usage details and metadata
Line item 1390: service usage details and metadata
Line item 1391: service usage details and metadata
Line item 1392: service usage details and metadata
Line item 1393: service usage details and metadata
Line item 1394: service usage details and metadata
Line item 1395: service usage details and metadata
Line item 1396: service usage details and metadata
Line item 1397: service usage details and metadata
Line item 1398: service usage details and metadata
Line item 1399: service usage details and metadata
Line item 1400: service usage details and metadata
Line item 1401: service usage details and metadata
Line item 1402: service usage details and metadata
Line item 1403: service usage details and metadata
Line item 1404: service usage details and metadata
Line item 1405: service usage details and metadata
Line item 1406: service usage details and metadata
Line item 1407: service usage details and metadata
Line item 1408: service usage details and metadata
Line item 1409: service usage details and metadata
Line item 1410: service usage details and metadata
Line item 1411: service usage details and metadata
Line item 1412: service usage details and metadata
Line item 1413: service usage details and metadata
Line item 1414: service usage details and metadata
Line item 1415: service usage details and metadata
Line item 1416: service usage details and metadata
Line item 1417: service usage details and metadata
Line item 1418: service usage details and metadata
Line item 1419: service usage details and metadata
Line item 1420: service usage details and metadata
Line item 1421: service usage details and metadata
Line item 1422: service usage details and metadata
Line item 1423: service usage details and metadata
Line item 1424: service usage details and metadata
Line item 1425: service usage details and metadata
Line item 1426: service usage details and metadata
Line item 1427: service usage details and metadata
Line item 1428: service usage details and metadata
Line item 1429: service usage details and metadata
Line item 1430: service usage details and metadata
Line item 1431: service usage details and metadata
Line item 1432: service usage details and metadata
Line item 1433: service usage details and metadata
Line item 1434: service usage details and metadata
Line item 1435: service usage details and metadata
Line item 1436: service usage details and metadata
Line item 1437: service usage details and metadata
Line item 1438: service usage details and metadata
Line item 1439: service usage details and metadata
Line item 1440: service usage details and metadata
Line item 1441: service usage details and metadata
Line item 1442: service usage details and metadata
Line item 1443: service usage details and metadata
Line item 1444: service usage details and metadata
Line item 1445: service usage details and metadata
Line item 1446: service usage details and metadata
Line item 1447: service usage details and metadata
Line item 1448: service usage details and metadata
Line item 1449: service usage details and metadata
Line item 1450: service usage details and metadata
Line item 1451: service usage details and metadata
Line item 1452: service usage details and metadata
Line item 1453: service usage details and metadata
Line item 1454: service usage details and metadata
Line item 1455: service usage details and metadata
Line item 1456: service usage details and metadata
Line item 1457: service usage details and metadata
Line item 1458: service usage details and metadata
Line item 1459: service usage details and metadata
Line item 1460: service usage details and metadata
Line item 1461: service usage details and metadata
Line item 1462: service usage details and metadata
Line item 1463: service usage details and metadata
Line item 1464: service usage details and metadata
Line item 1465: service usage details and metadata
Line item 1466: service usage details and metadata
Line item 1467: service usage details and metadata
Line item 1468: service usage details and metadata
Line item 1469: service usage details and metadata
Line item 1470: service usage details and metadata
Line item 1471: service usage details and metadata
Line item 1472: service usage details and metadata
Line item 1473: service usage details and metadata
Line item 1474: service usage details and metadata
Line item 1475: service usage details and metadata
Line item 1476: service usage details and metadata
Line item 1477: service usage details and metadata
Line item 1478: service usage details and metadata
Line item 1479: service usage details and metadata
Line item 1480: service usage details and metadata
Line item 1481: service usage details and metadata
Line item 1482: service usage details and metadata
Line item 1483: service usage details and metadata
Line item 1484: service usage details and metadata
Line item 1485: service usage details and metadata
Line item 1486: service usage details and metadata
Line item 1487: service usage details and metadata
Line item 1488: service usage details and metadata
Line item 1489: service usage details and metadata
Line item 1490: service usage details and metadata
Line item 1491: service usage details and metadata
Line item 1492: service usage details and metadata
Line item 1493: service usage details and metadata
Line item 1494: service usage details and metadata
Line item 1495: service usage details and metadata
Line item 1496: service usage details and metadata
Line item 1497: service usage details and metadata
Line item 1498: service usage details and metadata
Line item 1499: service usage details and metadata
Line item 1500: service usage details and metadata
Line item 1501: service usage details and metadata
Line item 1502: service usage details and metadata
Line item 1503: service usage details and metadata
Line item 1504: service usage details and metadata
Line item 1505: service usage details and metadata
Line item 1506: service usage details and metadata
Line item 1507: service usage details and metadata
Line item 1508: service usage details and metadata
Line item 1509: service usage details and metadata
Line item 1510: service usage details and metadata
Line item 1511: service usage details and metadata
Line item 1512: service usage details and metadata
Line item 1513: service usage details and metadata
Line item 1514: service usage details and metadata
Line item 1515: service usage details and metadata
Line item 1516: service usage details and metadata
Line item 1517: service usage details and metadata
Line item 1518: service usage details and metadata
Line item 1519: service usage details and metadata
Line item 1520: service usage details and metadata
Line item 1521: service usage details and metadata
Line item 1522: service usage details and metadata
Line item 1523: service usage details and metadata
Line item 1524: service usage details and metadata
Line item 1525: service usage details and metadata
Line item 1526: service usage details and metadata
Line item 1527: service usage details and metadata
Line item 1528: service usage details and metadata
Line item 1529: service usage details and metadata
Line item 1530: service usage details and metadata
Line item 1531: service usage details and metadata
Line item 1532: service usage details and metadata
Line item 1533: service usage details and metadata
Line item 1534: service usage details and metadata
Line item 1535: service usage details and metadata
Line item 1536: service usage details and metadata
Line item 1537: service usage details and metadata
Line item 1538: service usage details and metadata
Line item 1539: service usage details and metadata
Line item 1540: service usage details and metadata
Line item 1541: service usage details and metadata
Line item 1542: service usage details and metadata
Line item 1543: service usage details and metadata
Line item 1544: service usage details and metadata
Line item 1545: service usage details and metadata
Line item 1546: service usage details and metadata
Line item 1547: service usage details and metadata
Line item 1548: service usage details and metadata
Line item 1549: service usage details and metadata
Line item 1550: service usage details and metadata
Line item 1551: service usage details and metadata
Line item 1552: service usage details and metadata
Line item 1553: service usage details and metadata
Line item 1554: service usage details and metadata
Line item 1555: service usage details and metadata
Line item 1556: service usage details and metadata
Line item 1557: service usage details and metadata
Line item 1558: service usage details and metadata
Line item 1559: service usage details and metadata
Line item 1560: service usage details and metadata
Line item 1561: service usage details and metadata
Line item 1562: service usage details and metadata
Line item 1563: service usage details and metadata
Line item 1564: service usage details and metadata
Line item 1565: service usage details and metadata
Line item 1566: service usage details and metadata
Line item 1567: service usage details and metadata
Line item 1568: service usage details and metadata
Line item 1569: service usage details and metadata
Line item 1570: service usage details and metadata
Line item 1571: service usage details and metadata
Line item 1572: service usage details and metadata
Line item 1573: service usage details and metadata
Line item 1574: service usage details and metadata
Line item 1575: service usage details and metadata
Line item 1576: service usage details and metadata
Line item 1577: service usage details and metadata
Line item 1578: service usage details and metadata
Line item 1579: service usage details and metadata
Line item 1580: service usage details and metadata
Line item 1581: service usage details and metadata
Line item 1582: service usage details and metadata
Line item 1583: service usage details and metadata
Line item 1584: service usage details and metadata
Line item 1585: service usage details and metadata
Line item 1586: service usage details and metadata
Line item 1587: service usage details and metadata
Line item 1588: service usage details and metadata
Line item 1589: service usage details and metadata
Line item 1590: service usage details and metadata
Line item 1591: service usage details and metadata
Line item 1592: service usage details and metadata
Line item 1593: service usage details and metadata
Line item 1594: service usage details and metadata
Line item 1595: service usage details and metadata
Line item 1596: service usage details and metadata
Line item 1597: service usage details and metadata
Line item 1598: service usage details and metadata
Line item 1599: service usage details and metadata
Line item 1600: service usage details and metadata
Line item 1601: service usage details and metadata
Line item 1602: service usage details and metadata
Line item 1603: service usage details and metadata
Line item 1604: service usage details and metadata
Line item 1605: service usage details and metadata
Line item 1606: service usage details and metadata
Line item 1607: service usage details and metadata
Line item 1608: service usage details and metadata
Line item 1609: service usage details and metadata
Line item 1610: service usage details and metadata
Line item 1611: service usage details and metadata
Line item 1612: service usage details and metadata
Line item 1613: service usage details and metadata
Line item 1614: service usage details and metadata
Line item 1615: service usage details and metadata
Line item 1616: service usage details and metadata
Line item 1617: service usage details and metadata
Line item 1618: service usage details and metadata
Line item 1619: service usage details and metadata
Line item 1620: service usage details and metadata
Line item 1621: service usage details and metadata
Line item 1622: service usage details and metadata
Line item 1623: service usage details and metadata
Line item 1624: service usage details and metadata
Line item 1625: service usage details and metadata
Line item 1626: service usage details and metadata
Line item 1627: service usage details and metadata
Line item 1628: service usage details and metadata
Line item 1629: service usage details and metadata
Line item 1630: service usage details and metadata
Line item 1631: service usage details and metadata
Line item 1632: service usage details and metadata
Line item 1633: service usage details and metadata
Line item 1634: service usage details and metadata
Line item 1635: service usage details and metadata
Line item 1636: service usage details and metadata
Line item 1637: service usage details and metadata
Line item 1638: service usage details and metadata
Line item 1639: service usage details and metadata
Line item 1640: service usage details and metadata
Line item 1641: service usage details and metadata
Line item 1642: service usage details and metadata
Line item 1643: service usage details and metadata
Line item 1644: service usage details and metadata
Line item 1645: service usage details and metadata
Line item 1646: service usage details and metadata
Line item 1647: service usage details and metadata
Line item 1648: service usage details and metadata
Line item 1649: service usage details and metadata
Line item 1650: service usage details and metadata
Line item 1651: service usage details and metadata
Line item 1652: service usage details and metadata
Line item 1653: service usage details and metadata
Line item 1654: service usage details and metadata
Line item 1655: service usage details and metadata
Line item 1656: service usage details and metadata
Line item 1657: service usage details and metadata
Line item 1658: service usage details and metadata
Line item 1659: service usage details and metadata
Line item 1660: service usage details and metadata
Line item 1661: service usage details and metadata
Line item 1662: service usage details and metadata
Line item 1663: service usage details and metadata
Line item 1664: service usage details and metadata
Line item 1665: service usage details and metadata
Line item 1666: service usage details and metadata
Line item 1667: service usage details and metadata
Line item 1668: service usage details and metadata
Line item 1669: service usage details and metadata
Line item 1670: service usage details and metadata
Line item 1671: service usage details and metadata
Line item 1672: service usage details and metadata
Line item 1673: service usage details and metadata
Line item 1674: service usage details and metadata
Line item 1675: service usage details and metadata
Line item 1676: service usage details and metadata
Line item 1677: service usage details and metadata
Line item 1678: service usage details and metadata
Line item 1679: service usage details and metadata
Line item 1680: service usage details and metadata
Line item 1681: service usage details and metadata
Line item 1682: service usage details and metadata
Line item 1683: service usage details and metadata
Line item 1684: service usage details and metadata
Line item 1685: service usage details and metadata
Line item 1686: service usage details and metadata
Line item 1687: service usage details and metadata
Line item 1688: service usage details and metadata
Line item 1689: service usage details and metadata
Line item 1690: service usage details and metadata
Line item 1691: service usage details and metadata
Line item 1692: service usage details and metadata
Line item 1693: service usage details and metadata
Line item 1694: service usage details and metadata
Line item 1695: service usage details and metadata
Line item 1696: service usage details and metadata
Line item 1697: service usage details and metadata
Line item 1698: service usage details and metadata
Line item 1699: service usage details and metadata
Line item 1700: service usage details and metadata
Line item 1701: service usage details and metadata
Line item 1702: service usage details and metadata
Line item 1703: service usage details and metadata
Line item 1704: service usage details and metadata
Line item 1705: service usage details and metadata
Line item 1706: service usage details and metadata
Line item 1707: service usage details and metadata
Line item 1708: service usage details and metadata
Line item 1709: service usage details and metadata
Line item 1710: service usage details and metadata
Line item 1711: service usage details and metadata
Line item 1712: service usage details and metadata
Line item 1713: service usage details and metadata
Line item 1714: service usage details and metadata
Line item 1715: service usage details and metadata
Line item 1716: service usage details and metadata
Line item 1717: service usage details and metadata
Line item 1718: service usage details and metadata
Line item 1719: service usage details and metadata
Line item 1720: service usage details and metadata
Line item 1721: service usage details and metadata
Line item 1722: service usage details and metadata
Line item 1723: service usage details and metadata
Line item 1724: service usage details and metadata
Line item 1725: service usage details and metadata
Line item 1726: service usage details and metadata
Line item 1727: service usage details and metadata
Line item 1728: service usage details and metadata
Line item 1729: service usage details and metadata
Line item 1730: service usage details and metadata
Line item 1731: service usage details and metadata
Line item 1732: service usage details and metadata
Line item 1733: service usage details and metadata
Line item 1734: service usage details and metadata
Line item 1735: service usage details and metadata
Line item 1736: service usage details and metadata
Line item 1737: service usage details and metadata
Line item 1738: service usage details and metadata
Line item 1739: service usage details and metadata
Line item 1740: service usage details and metadata
Line item 1741: service usage details and metadata
Line item 1742: service usage details and metadata
Line item 1743: service usage details and metadata
Line item 1744: service usage details and metadata
Line item 1745: service usage details and metadata
Line item 1746: service usage details and metadata
Line item 1747: service usage details and metadata
Line item 1748: service usage details and metadata
Line item 1749: service usage details and metadata
Line item 1750: service usage details and metadata
Line item 1751: service usage details and metadata
Line item 1752: service usage details and metadata
Line item 1753: service usage details and metadata
Line item 1754: service usage details and metadata
Line item 1755: service usage details and metadata
Line item 1756: service usage details and metadata
Line item 1757: service usage details and metadata
Line item 1758: service usage details and metadata
Line item 1759: service usage details and metadata
Line item 1760: service usage details and metadata
Line item 1761: service usage details and metadata
Line item 1762: service usage details and metadata
Line item 1763: service usage details and metadata
Line item 1764: service usage details and metadata
Line item 1765: service usage details and metadata
Line item 1766: service usage details and metadata
Line item 1767: service usage details and metadata
Line item 1768: service usage details and metadata
Line item 1769: service usage details and metadata
Line item 1770: service usage details and metadata
Line item 1771: service usage details and metadata
Line item 1772: service usage details and metadata
Line item 1773: service usage details and metadata
Line item 1774: service usage details and metadata
Line item 1775: service usage details and metadata
Line item 1776: service usage details and metadata
Line item 1777: service usage details and metadata
Line item 1778: service usage details and metadata
Line item 1779: service usage details and metadata
Line item 1780: service usage details and metadata
Line item 1781: service usage details and metadata
Line item 1782: service usage details and metadata
Line item 1783: service usage details and metadata
Line item 1784: service usage details and metadata
Line item 1785: service usage details and metadata
Line item 1786: service usage details and metadata
Line item 1787: service usage details and metadata
Line item 1788: service usage details and metadata
Line item 1789: service usage details and metadata
Line item 1790: service usage details and metadata
Line item 1791: service usage details and metadata
Line item 1792: service usage details and metadata
Line item 1793: service usage details and metadata
Line item 1794: service usage details and metadata
Line item 1795: service usage details and metadata
Line item 1796: service usage details and metadata
Line item 1797: service usage details and metadata
Line item 1798: service usage details and metadata
Line item 1799: service usage details and metadata
Line item 1800: service usage details and metadata
Line item 1801: service usage details and metadata
Line item 1802: service usage details and metadata
Line item 1803: service usage details and metadata
Line item 1804: service usage details and metadata
Line item 1805: service usage details and metadata
Line item 1806: service usage details and metadata
Line item 1807: service usage details and metadata
Line item 1808: service usage details and metadata
Line item 1809: service usage details and metadata
Line item 1810: service usage details and metadata
Line item 1811: service usage details and metadata
Line item 1812: service usage details and metadata
Line item 1813: service usage details and metadata
Line item 1814: service usage details and metadata
Line item 1815: service usage details and metadata
Line item 1816: service usage details and metadata
Line item 1817: service usage details and metadata
Line item 1818: service usage details and metadata
Line item 1819: service usage details and metadata
Line item 1820: service usage details and metadata
Line item 1821: service usage details and metadata
Line item 1822: service usage details and metadata
Line item 1823: service usage details and metadata
Line item 1824: service usage details and metadata
Line item 1825: service usage details and metadata
Line item 1826: service usage details and metadata
Line item 1827: service usage details and metadata
Line item 1828: service usage details and metadata
Line item 1829: service usage details and metadata
Line item 1830: service usage details and metadata
Line item 1831: service usage details and metadata
Line item 1832: service usage details and metadata
Line item 1833: service usage details and metadata
Line item 1834: service usage details and metadata
Line item 1835: service usage details and metadata
Line item 1836: service usage details and metadata
Line item 1837: service usage details and metadata
Line item 1838: service usage details and metadata
Line item 1839: service usage details and metadata
Line item 1840: service usage details and metadata
Line item 1841: service usage details and metadata
Line item 1842: service usage details and metadata
Line item 1843: service usage details and metadata
Line item 1844: service usage details and metadata
Line item 1845: service usage details and metadata
Line item 1846: service usage details and metadata
Line item 1847: service usage details and metadata
Line item 1848: service usage details and metadata
Line item 1849: service usage details and metadata
Line item 1850: service usage details and metadata
Line item 1851: service usage details and metadata
Line item 1852: service usage details and metadata
Line item 1853: service usage details and metadata
Line item 1854: service usage details and metadata
Line item 1855: service usage details and metadata
Line item 1856: service usage details and metadata
Line item 1857: service usage details and metadata
Line item 1858: service usage details and metadata
Line item 1859: service usage details and metadata
Line item 1860: service usage details and metadata
Line item 1861: service usage details and metadata
Line item 1862: service usage details and metadata
Line item 1863: service usage details and metadata
Line item 1864: service usage details and metadata
Line item 1865: service usage details and metadata
Line item 1866: service usage details and metadata
Line item 1867: service usage details and metadata
Line item 1868: service usage details and metadata
Line item 1869: service usage details and metadata
Line item 1870: service usage details and metadata
Line item 1871: service usage details and metadata
Line item 1872: service usage details and metadata
Line item 1873: service usage details and metadata
Line item 1874: service usage details and metadata
Line item 1875: service usage details and metadata
Line item 1876: service usage details and metadata
Line item 1877: service usage details and metadata
Line item 1878: service usage details and metadata
Line item 1879: service usage details and metadata
Line item 1880: service usage details and metadata
Line item 1881: service usage details and metadata
Line item 1882: service usage details and metadata
Line item 1883: service usage details and metadata
Line item 1884: service usage details and metadata
Line item 1885: service usage details and metadata
Line item 1886: service usage details and metadata
Line item 1887: service usage details and metadata
Line item 1888: service usage details and metadata
Line item 1889: service usage details and metadata
Line item 1890: service usage details and metadata
Line item 1891: service usage details and metadata
Line item 1892: service usage details and metadata
Line item 1893: service usage details and metadata
Line item 1894: service usage details and metadata
Line item 1895: service usage details and metadata
Line item 1896: service usage details and metadata
Line item 1897: service usage details and metadata
Line item 1898: service usage details and metadata
Line item 1899: service usage details and metadata
Line item 1900: service usage details and metadata
Line item 1901: service usage details and metadata
Line item 1902: service usage details and metadata
Line item 1903: service usage details and metadata
Line item 1904: service usage details and metadata
Line item 1905: service usage details and metadata
Line item 1906: service usage details and metadata
Line item 1907: service usage details and metadata
Line item 1908: service usage details and metadata
Line item 1909: service usage details and metadata
Line item 1910: service usage details and metadata
Line item 1911: service usage details and metadata
Line item 1912: service usage details and metadata
Line item 1913: service usage details and metadata
Line item 1914: service usage details and metadata
Line item 1915: service usage details and metadata
Line item 1916: service usage details and metadata
Line item 1917: service usage details and metadata
Line item 1918: service usage details and metadata
Line item 1919: service usage details and metadata
Line item 1920: service usage details and metadata
Line item 1921: service usage details and metadata
Line item 1922: service usage details and metadata
Line item 1923: service usage details and metadata
Line item 1924: service usage details and metadata
Line item 1925: service usage details and metadata
Line item 1926: service usage details and metadata
Line item 1927: service usage details and metadata
Line item 1928: service usage details and metadata
Line item 1929: service usage details and metadata
Line item 1930: service usage details and metadata
Line item 1931: service usage details and metadata
Line item 1932: service usage details and metadata
Line item 1933: service usage details and metadata
Line item 1934: service usage details and metadata
Line item 1935: service usage details and metadata
Line item 1936: service usage details and metadata
Line item 1937: service usage details and metadata
Line item 1938: service usage details and metadata
Line item 1939: service usage details and metadata
Line item 1940: service usage details and metadata
Line item 1941: service usage details and metadata
Line item 1942: service usage details and metadata
Line item 1943: service usage details and metadata
Line item 1944: service usage details and metadata
Line item 1945: service usage details and metadata
Line item 1946: service usage details and metadata
Line item 1947: service usage details and metadata
Line item 1948: service usage details and metadata
Line item 1949: service usage details and metadata
Line item 1950: service usage details and metadata
Line item 1951: service usage details and metadata
Line item 1952: service usage details and metadata
Line item 1953: service usage details and metadata
Line item 1954: service usage details and metadata
Line item 1955: service usage details and metadata
Line item 1956: service usage details and metadata
Line item 1957: service usage details and metadata
Line item 1958: service usage details and metadata
Line item 1959: service usage details and metadata
Line item 1960: service usage details and metadata
Line item 1961: service usage details and metadata
Line item 1962: service usage details and metadata
Line item 1963: service usage details and metadata
Line item 1964: service usage details and metadata
Line item 1965: service usage details and metadata
Line item 1966: service usage details and metadata
Line item 1967: service usage details and metadata
Line item 1968: service usage details and metadata
Line item 1969: service usage details and metadata
Line item 1970: service usage details and metadata
Line item 1971: service usage details and metadata
Line item 1972: service usage details and metadata
Line item 1973: service usage details and metadata
Line item 1974: service usage details and metadata
Line item 1975: service usage details and metadata
Line item 1976: service usage details and metadata
Line item 1977: service usage details and metadata
Line item 1978: service usage details and metadata
Line item 1979: service usage details and metadata
Line item 1980: service usage details and metadata
Line item 1981: service usage details and metadata
Line item 1982: service usage details and metadata
Line item 1983: service usage details and metadata
Line item 1984: service usage details and metadata
Line item 1985: service usage details and metadata
Line item 1986: service usage details and metadata
Line item 1987: service usage details and metadata
Line item 1988: service usage details and metadata
Line item 1989: service usage details and metadata
Line item 1990: service usage details and metadata
Line item 1991: service usage details and metadata
Line item 1992: service usage details and metadata
Line item 1993: service usage details and metadata
Line item 1994: service usage details and metadata
Line item 1995: service usage details and metadata
Line item 1996: service usage details and metadata
Line item 1997: service usage details and metadata
Line item 1998: service usage details and metadata
Line item 1999: service usage details and metadata
Line item 2000: service usage details and metadata
Line item 2001: service usage details and metadata
Line item 2002: service usage details and metadata
Line item 2003: service usage details and metadata
Line item 2004: service usage details and metadata
Line item 2005: service usage details and metadata
Line item 2006: service usage details and metadata
Line item 2007: service usage details and metadata
Line item 2008: service usage details and metadata
Line item 2009: service usage details and metadata
Line item 2010: service usage details and metadata
Line item 2011: service usage details and metadata
Line item 2012: service usage details and metadata
Line item 2013: service usage details and metadata
Line item 2014: service usage details and metadata
Line item 2015: service usage details and metadata
Line item 2016: service usage details and metadata
Line item 2017: service usage details and metadata
Line item 2018: service usage details and metadata
Line item 2019: service usage details and metadata
Line item 2020: service usage details and metadata
Line item 2021: service usage details and metadata
Line item 2022: service usage details and metadata
Line item 2023: service usage details and metadata
Line item 2024: service usage details and metadata
Line item 2025: service usage details and metadata
Line item 2026: service usage details and metadata
Line item 2027: service usage details and metadata
Line item 2028: service usage details and metadata
Line item 2029: service usage details and metadata
Line item 2030: service usage details and metadata
Line item 2031: service usage details and metadata
Line item 2032: service usage details and metadata
Line item 2033: service usage details and metadata
Line item 2034: service usage details and metadata
Line item 2035: service usage details and metadata
Line item 2036: service usage details and metadata
Line item 2037: service usage details and metadata
Line item 2038: service usage details and metadata
Line item 2039: service usage details and metadata
Line item 2040: service usage details and metadata
Line item 2041: service usage details and metadata
Line item 2042: service usage details and metadata
Line item 2043: service usage details and metadata
Line item 2044: service usage details and metadata
Line item 2045: service usage details and metadata
Line item 2046: service usage details and metadata
Line item 2047: service usage details and metadata
Line item 2048: service usage details and metadata
Line item 2049: service usage details and metadata
Line item 2050: service usage details and metadata
Line item 2051: service usage details and metadata
Line item 2052: service usage details and metadata
Line item 2053: service usage details and metadata
Line item 2054: service usage details and metadata
Line item 2055: service usage details and metadata
Line item 2056: service usage details and metadata
Line item 2057: service usage details and metadata
Line item 2058: service usage details and metadata
Line item 2059: service usage details and metadata
Line item 2060: service usage details and metadata
Line item 2061: service usage details and metadata
Line item 2062: service usage details and metadata
Line item 2063: service usage details and metadata
Line item 2064: service usage details and metadata
Line item 2065: service usage details and metadata
Line item 2066: service usage details and metadata
Line item 2067: service usage details and metadata
Line item 2068: service usage details and metadata
Line item 2069: service usage details and metadata
Line item 2070: service usage details and metadata
Line item 2071: service usage details and metadata
Line item 2072: service usage details and metadata
Line item 2073: service usage details and metadata
Line item 2074: service usage details and metadata
Line item 2075: service usage details and metadata
Line item 2076: service usage details and metadata
Line item 2077: service usage details and metadata
Line item 2078: service usage details and metadata
Line item 2079: service usage details and metadata
Line item 2080: service usage details and metadata
Line item 2081: service usage details and metadata
Line item 2082: service usage details and metadata
Line item 2083: service usage details and metadata
Line item 2084: service usage details and metadata
Line item 2085: service usage details and metadata
Line item 2086: service usage details and metadata
Line item 2087: service usage details and metadata
Line item 2088: service usage details and metadata
Line item 2089: service usage details and metadata
Line item 2090: service usage details and metadata
Line item 2091: service usage details and metadata
Line item 2092: service usage details and metadata
Line item 2093: service usage details and metadata
Line item 2094: service usage details and metadata
Line item 2095: service usage details and metadata
Line item 2096: service usage details and metadata
Line item 2097: service usage details and metadata
Line item 2098: service usage details and metadata
Line item 2099: service usage details and metadata
Line item 2100: service usage details and metadata
Line item 2101: service usage details and metadata
Line item 2102: service usage details and metadata
Line item 2103: service usage details and metadata
Line item 2104: service usage details and metadata
Line item 2105: service usage details and metadata
Line item 2106: service usage details and metadata
Line item 2107: service usage details and metadata
Line item 2108: service usage details and metadata
Line item 2109: service usage details and metadata
Line item 2110: service usage details and metadata
Line item 2111: service usage details and metadata
Line item 2112: service usage details and metadata
Line item 2113: service usage details and metadata
Line item 2114: service usage details and metadata
Line item 2115: service usage details and metadata
Line item 2116: service usage details and metadata
Line item 2117: service usage details and metadata
Line item 2118: service usage details and metadata
Line item 2119: service usage details and metadata
Line item 2120: service usage details and metadata
Line item 2121: service usage details and metadata
Line item 2122: service usage details and metadata
Line item 2123: service usage details and metadata
Line item 2124: service usage details and metadata
Line item 2125: service usage details and metadata
Line item 2126: service usage details and metadata
Line item 2127: service usage details and metadata
Line item 2128: service usage details and metadata
Line item 2129: service usage details and metadata
Line item 2130: service usage details and metadata
Line item 2131: service usage details and metadata
Line item 2132: service usage details and metadata
Line item 2133: service usage details and metadata
Line item 2134: service usage details and metadata
Line item 2135: service usage details and metadata
Line item 2136: service usage details and metadata
Line item 2137: service usage details and metadata
Line item 2138: service usage details and metadata
Line item 2139: service usage details and metadata
Line item 2140: service usage details and metadata
Line item 2141: service usage details and metadata
Line item 2142: service usage details and metadata
Line item 2143: service usage details and metadata
Line item 2144: service usage details and metadata
Line item 2145: service usage details and metadata
Line item 2146: service usage details and metadata
Line item 2147: service usage details and metadata
Line item 2148: service usage details and metadata
Line item 2149: service usage details and metadata
Line item 2150: service usage details and metadata
Line item 2151: service usage details and metadata
Line item 2152: service usage details and metadata
Line item 2153: service usage details and metadata
Line item 2154: service usage details and metadata
Line item 2155: service usage details and metadata
Line item 2156: service usage details and metadata
Line item 2157: service usage details and metadata
Line item 2158: service usage details and metadata
Line item 2159: service usage details and metadata
Line item 2160: service usage details and metadata
Line item 2161: service usage details and metadata
Line item 2162: service usage details and metadata
Line item 2163: service usage details and metadata
Line item 2164: service usage details and metadata
Line item 2165: service usage details and metadata
Line item 2166: service usage details and metadata
Line item 2167: service usage details and metadata
Line item 2168: service usage details and metadata
Line item 2169: service usage details and metadata
Line item 2170: service usage details and metadata
Line item 2171: service usage details and metadata
Line item 2172: service usage details and metadata
Line item 2173: service usage details and metadata
Line item 2174: service usage details and metadata
Line item 2175: service usage details and metadata
Line item 2176: service usage details and metadata
Line item 2177: service usage details and metadata
Line item 2178: service usage details and metadata
Line item 2179: service usage details and metadata
Line item 2180: service usage details and metadata
Line item 2181: service usage details and metadata
Line item 2182: service usage details and metadata
Line item 2183: service usage details and metadata
Line item 2184: service usage details and metadata
Line item 2185: service usage details and metadata
Line item 2186: service usage details and metadata
Line item 2187: service usage details and metadata
Line item 2188: service usage details and metadata
Line item 2189: service usage details and metadata
Line item 2190: service usage details and metadata
Line item 2191: service usage details and metadata
Line item 2192: service usage details and metadata
Line item 2193: service usage details and metadata
Line item 2194: service usage details and metadata
Line item 2195: service usage details and metadata
Line item 2196: service usage details and metadata
Line item 2197: service usage details and metadata
Line item 2198: service usage details and metadata
Line item 2199: service usage details and metadata",edge_011
edge_012,newsletter@company.com,,Weekly Product Digest,2025-12-01,"Engineering newsletter weekly digest
No charges in this message.
Section 1: product notes, release highlights, editorial content
Section 2: product notes, release highlights, editorial content
Section 3: product notes, release highlights, editorial content
Section 4: product notes, release highlights, editorial content
Section 5: product notes, release highlights, editorial content
Section 6: product notes, release highlights, editorial content
Section 7: product notes, release highlights, editorial content
Section 8: product notes, release highlights, editorial content
Section 9: product notes, release highlights, editorial content
Section 10: product notes, release highlights, editorial content
Section 11: product notes, release highlights, editorial content
Section 12: product notes, release highlights, editorial content
Section 13: product notes, release highlights, editorial content
Section 14: product notes, release highlights, editorial content
Section 15: product notes, release highlights, editorial content
Section 16: product notes, release highlights, editorial content
Section 17: product notes, release highlights, editorial content
Section 18: product notes, release highlights, editorial content
Section 19: product notes, release highlights, editorial content
Section 20: product notes, release highlights, editorial content
Section 21: product notes, release highlights, editorial content
Section 22: product notes, release highlights, editorial content
Section 23: product notes, release highlights, editorial content
Section 24: product notes, release highlights, editorial content
Section 25: product notes, release highlights, editorial content
Section 26: product notes, release highlights, editorial content
Section 27: product notes, release highlights, editorial content
Section 28: product notes, release highlights, editorial content
Section 29: product notes, release highlights, editorial content
Section 30: product notes, release highlights, editorial content
Section 31: product notes, release highlights, editorial content
Section 32: product notes, release highlights, editorial content
Section 33: product notes, release highlights, editorial content
Section 34: product notes, release highlights, editorial content
Section 35: product notes, release highlights, editorial content
Section 36: product notes, release highlights, editorial content
Section 37: product notes, release highlights, editorial content
Section 38: product notes, release highlights, editorial content
Section 39: product notes, release highlights, editorial content
Section 40: product notes, release highlights, editorial content
Section 41: product notes, release highlights, editorial content
Section 42: product notes, release highlights, editorial content
Section 43: product notes, release highlights, editorial content
Section 44: product notes, release highlights, editorial content
Section 45: product notes, release highlights, editorial content
Section 46: product notes, release highlights, editorial content
Section 47: product notes, release highlights, editorial content
Section 48: product notes, release highlights, editorial content
Section 49: product notes, release highlights, editorial content
Section 50: product notes, release highlights, editorial content
Section 51: product notes, release highlights, editorial content
Section 52: product notes, release highlights, editorial content
Section 53: product notes, release highlights, editorial content
Section 54: product notes, release highlights, editorial content
Section 55: product notes, release highlights, editorial content
Section 56: product notes, release highlights, editorial content
Section 57: product notes, release highlights, editorial content
Section 58: product notes, release highlights, editorial content
Section 59: product notes, release highlights, editorial content
Section 60: product notes, release highlights, editorial content
Section 61: product notes, release highlights, editorial content
Section 62: product notes, release highlights, editorial content
Section 63: product notes, release highlights, editorial content
Section 64: product notes, release highlights, editorial content
Section 65: product notes, release highlights, editorial content
Section 66: product notes, release highlights, editorial content
Section 67: product notes, release highlights, editorial content
Section 68: product notes, release highlights, editorial content
Section 69: product notes, release highlights, editorial content
Section 70: product notes, release highlights, editorial content
Section 71: product notes, release highlights, editorial content
Section 72: product notes, release highlights, editorial content
Section 73: product notes, release highlights, editorial content
Section 74: product notes, release highlights, editorial content
Section 75: product notes, release highlights, editorial content
Section 76: product notes, release highlights, editorial content
Section 77: product notes, release highlights, editorial content
Section 78: product notes, release highlights, editorial content
Section 79: product notes, release highlights, editorial content
Section 80: product notes, release highlights, editorial content
Section 81: product notes, release highlights, editorial content
Section 82: product notes, release highlights, editorial content
Section 83: product notes, release highlights, editorial content
Section 84: product notes, release highlights, editorial content
Section 85: product notes, release highlights, editorial content
Section 86: product notes, release highlights, editorial content
Section 87: product notes, release highlights, editorial content
Section 88: product notes, release highlights, editorial content
Section 89: product notes, release highlights, editorial content
Section 90: product notes, release highlights, editorial content
Section 91: product notes, release highlights, editorial content
Section 92: product notes, release highlights, editorial content
Section 93: product notes, release highlights, editorial content
Section 94: product notes, release highlights, editorial content
Section 95: product notes, release highlights, editorial content
Section 96: product notes, release highlights, editorial content
Section 97: product notes, release highlights, editorial content
Section 98: product notes, release highlights, editorial content
Section 99: product notes, release highlights, editorial content
Section 100: product notes, release highlights, editorial content
Section 101: product notes, release highlights, editorial content
Section 102: product notes, release highlights, editorial content
Section 103: product notes, release highlights, editorial content
Section 104: product notes, release highlights, editorial content
Section 105: product notes, release highlights, editorial content
Section 106: product notes, release highlights, editorial content
Section 107: product notes, release highlights, editorial content
Section 108: product notes, release highlights, editorial content
Section 109: product notes, release highlights, editorial content
Section 110: product notes, release highlights, editorial content
Section 111: product notes, release highlights, editorial content
Section 112: product notes, release highlights, editorial content
Section 113: product notes, release highlights, editorial content
Section 114: product notes, release highlights, editorial content
Section 115: product notes, release highlights, editorial content
Section 116: product notes, release highlights, editorial content
Section 117: product notes, release highlights, editorial content
Section 118: product notes, release highlights, editorial content
Section 119: product notes, release highlights, editorial content
Section 120: product notes, release highlights, editorial content
Section 121: product notes, release highlights, editorial content
Section 122: product notes, release highlights, editorial content
Section 123: product notes, release highlights, editorial content
Section 124: product notes, release highlights, editorial content
Section 125: product notes, release highlights, editorial content
Section 126: product notes, release highlights, editorial content
Section 127: product notes, release highlights, editorial content
Section 128: product notes, release highlights, editorial content
Section 129: product notes, release highlights, editorial content
Section 130: product notes, release highlights, editorial content
Section 131: product notes, release highlights, editorial content
Section 132: product notes, release highlights, editorial content
Section 133: product notes, release highlights, editorial content
Section 134: product notes, release highlights, editorial content
Section 135: product notes, release highlights, editorial content
Section 136: product notes, release highlights, editorial content
Section 137: product notes, release highlights, editorial content
Section 138: product notes, release highlights, editorial content
Section 139: product notes, release highlights, editorial content
Section 140: product notes, release highlights, editorial content
Section 141: product notes, release highlights, editorial content
Section 142: product notes, release highlights, editorial content
Section 143: product notes, release highlights, editorial content
Section 144: product notes, release highlights, editorial content
Section 145: product notes, release highlights, editorial content
Section 146: product notes, release highlights, editorial content
Section 147: product notes, release highlights, editorial content
Section 148: product notes, release highlights, editorial content
Section 149: product notes, release highlights, editorial content
Section 150: product notes, release highlights, editorial content
Section 151: product notes, release highlights, editorial content
Section 152: product notes, release highlights, editorial content
Section 153: product notes, release highlights, editorial content
Section 154: product notes, release highlights, editorial content
Section 155: product notes, release highlights, editorial content
Section 156: product notes, release highlights, editorial content
Section 157: product notes, release highlights, editorial content
Section 158: product notes, release highlights, editorial content
Section 159: product notes, release highlights, editorial content
Section 160: product notes, release highlights, editorial content
Section 161: product notes, release highlights, editorial content
Section 162: product notes, release highlights, editorial content
Section 163: product notes, release highlights, editorial content
Section 164: product notes, release highlights, editorial content
Section 165: product notes, release highlights, editorial content
Section 166: product notes, release highlights, editorial content
Section 167: product notes, release highlights, editorial content
Section 168: product notes, release highlights, editorial content
Section 169: product notes, release highlights, editorial content
Section 170: product notes, release highlights, editorial content
Section 171: product notes, release highlights, editorial content
Section 172: product notes, release highlights, editorial content
Section 173: product notes, release highlights, editorial content
Section 174: product notes, release highlights, editorial content
Section 175: product notes, release highlights, editorial content
Section 176: product notes, release highlights, editorial content
Section 177: product notes, release highlights, editorial content
Section 178: product notes, release highlights, editorial content
Section 179: product notes, release highlights, editorial content
Section 180: product notes, release highlights, editorial content
Section 181: product notes, release highlights, editorial content
Section 182: product notes, release highlights, editorial content
Section 183: product notes, release highlights, editorial content
Section 184: product notes, release highlights, editorial content
Section 185: product notes, release highlights, editorial content
Section 186: product notes, release highlights, editorial content
Section 187: product notes, release highlights, editorial content
Section 188: product notes, release highlights, editorial content
Section 189: product notes, release highlights, editorial content
Section 190: product notes, release highlights, editorial content
Section 191: product notes, release highlights, editorial content
Section 192: product notes, release highlights, editorial content
Section 193: product notes, release highlights, editorial content
Section 194: product notes, release highlights, editorial content
Section 195: product notes, release highlights, editorial content
Section 196: product notes, release highlights, editorial content
Section 197: product notes, release highlights, editorial content
Section 198: product notes, release highlights, editorial content
Section 199: product notes, release highlights, editorial content
Section 200: product notes, release highlights, editorial content
Section 201: product notes, release highlights, editorial content
Section 202: product notes, release highlights, editorial content
Section 203: product notes, release highlights, editorial content
Section 204: product notes, release highlights, editorial content
Section 205: product notes, release highlights, editorial content
Section 206: product notes, release highlights, editorial content
Section 207: product notes, release highlights, editorial content
Section 208: product notes, release highlights, editorial content
Section 209: product notes, release highlights, editorial content
Section 210: product notes, release highlights, editorial content
Section 211: product notes, release highlights, editorial content
Section 212: product notes, release highlights, editorial content
Section 213: product notes, release highlights, editorial content
Section 214: product notes, release highlights, editorial content
Section 215: product notes, release highlights, editorial content
Section 216: product notes, release highlights, editorial content
Section 217: product notes, release highlights, editorial content
Section 218: product notes, release highlights, editorial content
Section 219: product notes, release highlights, editorial content
Section 220: product notes, release highlights, editorial content
Section 221: product notes, release highlights, editorial content
Section 222: product notes, release highlights, editorial content
Section 223: product notes, release highlights, editorial content
Section 224: product notes, release highlights, editorial content
Section 225: product notes, release highlights, editorial content
Section 226: product notes, release highlights, editorial content
Section 227: product notes, release highlights, editorial content
Section 228: product notes, release highlights, editorial content
Section 229: product notes, release highlights, editorial content
Section 230: product notes, release highlights, editorial content
Section 231: product notes, release highlights, editorial content
Section 232: product notes, release highlights, editorial content
Section 233: product notes, release highlights, editorial content
Section 234: product notes, release highlights, editorial content
Section 235: product notes, release highlights, editorial content
Section 236: product notes, release highlights, editorial content
Section 237: product notes, release highlights, editorial content
Section 238: product notes, release highlights, editorial content
Section 239: product notes, release highlights, editorial content
Section 240: product notes, release highlights, editorial content
Section 241: product notes, release highlights, editorial content
Section 242: product notes, release highlights, editorial content
Section 243: product notes, release highlights, editorial content
Section 244: product notes, release highlights, editorial content
Section 245: product notes, release highlights, editorial content
Section 246: product notes, release highlights, editorial content
Section 247: product notes, release highlights, editorial content
Section 248: product notes, release highlights, editorial content
Section 249: product notes, release highlights, editorial content
Section 250: product notes, release highlights, editorial content
Section 251: product notes, release highlights, editorial content
Section 252: product notes, release highlights, editorial content
Section 253: product notes, release highlights, editorial content
Section 254: product notes, release highlights, editorial content
Section 255: product notes, release highlights, editorial content
Section 256: product notes, release highlights, editorial content
Section 257: product notes, release highlights, editorial content
Section 258: product notes, release highlights, editorial content
Section 259: product notes, release highlights, editorial content
Section 260: product notes, release highlights, editorial content
Section 261: product notes, release highlights, editorial content
Section 262: product notes, release highlights, editorial content
Section 263: product notes, release highlights, editorial content
Section 264: product notes, release highlights, editorial content
Section 265: product notes, release highlights, editorial content
Section 266: product notes, release highlights, editorial content
Section 267: product notes, release highlights, editorial content
Section 268: product notes, release highlights, editorial content
Section 269: product notes, release highlights, editorial content
Section 270: product notes, release highlights, editorial content
Section 271: product notes, release highlights, editorial content
Section 272: product notes, release highlights, editorial content
Section 273: product notes, release highlights, editorial content
Section 274: product notes, release highlights, editorial content
Section 275: product notes, release highlights, editorial content
Section 276: product notes, release highlights, editorial content
Section 277: product notes, release highlights, editorial content
Section 278: product notes, release highlights, editorial content
Section 279: product notes, release highlights, editorial content
Section 280: product notes, release highlights, editorial content
Section 281: product notes, release highlights, editorial content
Section 282: product notes, release highlights, editorial content
Section 283: product notes, release highlights, editorial content
Section 284: product notes, release highlights, editorial content
Section 285: product notes, release highlights, editorial content
Section 286: product notes, release highlights, editorial content
Section 287: product notes, release highlights, editorial content
Section 288: product notes, release highlights, editorial content
Section 289: product notes, release highlights, editorial content
Section 290: product notes, release highlights, editorial content
Section 291: product notes, release highlights, editorial content
Section 292: product notes, release highlights, editorial content
Section 293: product notes, release highlights, editorial content
Section 294: product notes, release highlights, editorial content
Section 295: product notes, release highlights, editorial content
Section 296: product notes, release highlights, editorial content
Section 297: product notes, release highlights, editorial content
Section 298: product notes, release highlights, editorial content
Section 299: product notes, release highlights, editorial content
Section 300: product notes, release highlights, editorial content
Section 301: product notes, release highlights, editorial content
Section 302: product notes, release highlights, editorial content
Section 303: product notes, release highlights, editorial content
Section 304: product notes, release highlights, editorial content
Section 305: product notes, release highlights, editorial content
Section 306: product notes, release highlights, editorial content
Section 307: product notes, release highlights, editorial content
Section 308: product notes, release highlights, editorial content
Section 309: product notes, release highlights, editorial content
Section 310: product notes, release highlights, editorial content
Section 311: product notes, release highlights, editorial content
Section 312: product notes, release highlights, editorial content
Section 313: product notes, release highlights, editorial content
Section 314: product notes, release highlights, editorial content
Section 315: product notes, release highlights, editorial content
Section 316: product notes, release highlights, editorial content
Section 317: product notes, release highlights, editorial content
Section 318: product notes, release highlights, editorial content
Section 319: product notes, release highlights, editorial content
Section 320: product notes, release highlights, editorial content
Section 321: product notes, release highlights, editorial content
Section 322: product notes, release highlights, editorial content
Section 323: product notes, release highlights, editorial content
Section 324: product notes, release highlights, editorial content
Section 325: product notes, release highlights, editorial content
Section 326: product notes, release highlights, editorial content
Section 327: product notes, release highlights, editorial content
Section 328: product notes, release highlights, editorial content
Section 329: product notes, release highlights, editorial content
Section 330: product notes, release highlights, editorial content
Section 331: product notes, release highlights, editorial content
Section 332: product notes, release highlights, editorial content
Section 333: product notes, release highlights, editorial content
Section 334: product notes, release highlights, editorial content
Section 335: product notes, release highlights, editorial content
Section 336: product notes, release highlights, editorial content
Section 337: product notes, release highlights, editorial content
Section 338: product notes, release highlights, editorial content
Section 339: product notes, release highlights, editorial content
Section 340: product notes, release highlights, editorial content
Section 341: product notes, release highlights, editorial content
Section 342: product notes, release highlights, editorial content
Section 343: product notes, release highlights, editorial content
Section 344: product notes, release highlights, editorial content
Section 345: product notes, release highlights, editorial content
Section 346: product notes, release highlights, editorial content
Section 347: product notes, release highlights, editorial content
Section 348: product notes, release highlights, editorial content
Section 349: product notes, release highlights, editorial content
Section 350: product notes, release highlights, editorial content
Section 351: product notes, release highlights, editorial content
Section 352: product notes, release highlights, editorial content
Section 353: product notes, release highlights, editorial content
Section 354: product notes, release highlights, editorial content
Section 355: product notes, release highlights, editorial content
Section 356: product notes, release highlights, editorial content
Section 357: product notes, release highlights, editorial content
Section 358: product notes, release highlights, editorial content
Section 359: product notes, release highlights, editorial content
Section 360: product notes, release highlights, editorial content
Section 361: product notes, release highlights, editorial content
Section 362: product notes, release highlights, editorial content
Section 363: product notes, release highlights, editorial content
Section 364: product notes, release highlights, editorial content
Section 365: product notes, release highlights, editorial content
Section 366: product notes, release highlights, editorial content
Section 367: product notes, release highlights, editorial content
Section 368: product notes, release highlights, editorial content
Section 369: product notes, release highlights, editorial content
Section 370: product notes, release highlights, editorial content
Section 371: product notes, release highlights, editorial content
Section 372: product notes, release highlights, editorial content
Section 373: product notes, release highlights, editorial content
Section 374: product notes, release highlights, editorial content
Section 375: product notes, release highlights, editorial content
Section 376: product notes, release highlights, editorial content
Section 377: product notes, release highlights, editorial content
Section 378: product notes, release highlights, editorial content
Section 379: product notes, release highlights, editorial content
Section 380: product notes, release highlights, editorial content
Section 381: product notes, release highlights, editorial content
Section 382: product notes, release highlights, editorial content
Section 383: product notes, release highlights, editorial content
Section 384: product notes, release highlights, editorial content
Section 385: product notes, release highlights, editorial content
Section 386: product notes, release highlights, editorial content
Section 387: product notes, release highlights, editorial content
Section 388: product notes, release highlights, editorial content
Section 389: product notes, release highlights, editorial content
Section 390: product notes, release highlights, editorial content
Section 391: product notes, release highlights, editorial content
Section 392: product notes, release highlights, editorial content
Section 393: product notes, release highlights, editorial content
Section 394: product notes, release highlights, editorial content
Section 395: product notes, release highlights, editorial content
Section 396: product notes, release highlights, editorial content
Section 397: product notes, release highlights, editorial content
Section 398: product notes, release highlights, editorial content
Section 399: product notes, release highlights, editorial content
Section 400: product notes, release highlights, editorial content
Section 401: product notes, release highlights, editorial content
Section 402: product notes, release highlights, editorial content
Section 403: product notes, release highlights, editorial content
Section 404: product notes, release highlights, editorial content
Section 405: product notes, release highlights, editorial content
Section 406: product notes, release highlights, editorial content
Section 407: product notes, release highlights, editorial content
Section 408: product notes, release highlights, editorial content
Section 409: product notes, release highlights, editorial content
Section 410: product notes, release highlights, editorial content
Section 411: product notes, release highlights, editorial content
Section 412: product notes, release highlights, editorial content
Section 413: product notes, release highlights, editorial content
Section 414: product notes, release highlights, editorial content
Section 415: product notes, release highlights, editorial content
Section 416: product notes, release highlights, editorial content
Section 417: product notes, release highlights, editorial content
Section 418: product notes, release highlights, editorial content
Section 419: product notes, release highlights, editorial content
Section 420: product notes, release highlights, editorial content
Section 421: product notes, release highlights, editorial content
Section 422: product notes, release highlights, editorial content
Section 423: product notes, release highlights, editorial content
Section 424: product notes, release highlights, editorial content
Section 425: product notes, release highlights, editorial content
Section 426: product notes, release highlights, editorial content
Section 427: product notes, release highlights, editorial content
Section 428: product notes, release highlights, editorial content
Section 429: product notes, release highlights, editorial content
Section 430: product notes, release highlights, editorial content
Section 431: product notes, release highlights, editorial content
Section 432: product notes, release highlights, editorial content
Section 433: product notes, release highlights, editorial content
Section 434: product notes, release highlights, editorial content
Section 435: product notes, release highlights, editorial content
Section 436: product notes, release highlights, editorial content
Section 437: product notes, release highlights, editorial content
Section 438: product notes, release highlights, editorial content
Section 439: product notes, release highlights, editorial content
Section 440: product notes, release highlights, editorial content
Section 441: product notes, release highlights, editorial content
Section 442: product notes, release highlights, editorial content
Section 443: product notes, release highlights, editorial content
Section 444: product notes, release highlights, editorial content
Section 445: product notes, release highlights, editorial content
Section 446: product notes, release highlights, editorial content
Section 447: product notes, release highlights, editorial content
Section 448: product notes, release highlights, editorial content
Section 449: product notes, release highlights, editorial content
Section 450: product notes, release highlights, editorial content
Section 451: product notes, release highlights, editorial content
Section 452: product notes, release highlights, editorial content
Section 453: product notes, release highlights, editorial content
Section 454: product notes, release highlights, editorial content
Section 455: product notes, release highlights, editorial content
Section 456: product notes, release highlights, editorial content
Section 457: product notes, release highlights, editorial content
Section 458: product notes, release highlights, editorial content
Section 459: product notes, release highlights, editorial content
Section 460: product notes, release highlights, editorial content
Section 461: product notes, release highlights, editorial content
Section 462: product notes, release highlights, editorial content
Section 463: product notes, release highlights, editorial content
Section 464: product notes, release highlights, editorial content
Section 465: product notes, release highlights, editorial content
Section 466: product notes, release highlights, editorial content
Section 467: product notes, release highlights, editorial content
Section 468: product notes, release highlights, editorial content
Section 469: product notes, release highlights, editorial content
Section 470: product notes, release highlights, editorial content
Section 471: product notes, release highlights, editorial content
Section 472: product notes, release highlights, editorial content
Section 473: product notes, release highlights, editorial content
Section 474: product notes, release highlights, editorial content
Section 475: product notes, release highlights, editorial content
Section 476: product notes, release highlights, editorial content
Section 477: product notes, release highlights, editorial content
Section 478: product notes, release highlights, editorial content
Section 479: product notes, release highlights, editorial content
Section 480: product notes, release highlights, editorial content
Section 481: product notes, release highlights, editorial content
Section 482: product notes, release highlights, editorial content
Section 483: product notes, release highlights, editorial content
Section 484: product notes, release highlights, editorial content
Section 485: product notes, release highlights, editorial content
Section 486: product notes, release highlights, editorial content
Section 487: product notes, release highlights, editorial content
Section 488: product notes, release highlights, editorial content
Section 489: product notes, release highlights, editorial content
Section 490: product notes, release highlights, editorial content
Section 491: product notes, release highlights, editorial content
Section 492: product notes, release highlights, editorial content
Section 493: product notes, release highlights, editorial content
Section 494: product notes, release highlights, editorial content
Section 495: product notes, release highlights, editorial content
Section 496: product notes, release highlights, editorial content
Section 497: product notes, release highlights, editorial content
Section 498: product notes, release highlights, editorial content
Section 499: product notes, release highlights, editorial content
Section 500: product notes, release highlights, editorial content
Section 501: product notes, release highlights, editorial content
Section 502: product notes, release highlights, editorial content
Section 503: product notes, release highlights, editorial content
Section 504: product notes, release highlights, editorial content
Section 505: product notes, release highlights, editorial content
Section 506: product notes, release highlights, editorial content
Section 507: product notes, release highlights, editorial content
Section 508: product notes, release highlights, editorial content
Section 509: product notes, release highlights, editorial content
Section 510: product notes, release highlights, editorial content
Section 511: product notes, release highlights, editorial content
Section 512: product notes, release highlights, editorial content
Section 513: product notes, release highlights, editorial content
Section 514: product notes, release highlights, editorial content
Section 515: product notes, release highlights, editorial content
Section 516: product notes, release highlights, editorial content
Section 517: product notes, release highlights, editorial content
Section 518: product notes, release highlights, editorial content
Section 519: product notes, release highlights, editorial content
Section 520: product notes, release highlights, editorial content
Section 521: product notes, release highlights, editorial content
Section 522: product notes, release highlights, editorial content
Section 523: product notes, release highlights, editorial content
Section 524: product notes, release highlights, editorial content
Section 525: product notes, release highlights, editorial content
Section 526: product notes, release highlights, editorial content
Section 527: product notes, release highlights, editorial content
Section 528: product notes, release highlights, editorial content
Section 529: product notes, release highlights, editorial content
Section 530: product notes, release highlights, editorial content
Section 531: product notes, release highlights, editorial content
Section 532: product notes, release highlights, editorial content
Section 533: product notes, release highlights, editorial content
Section 534: product notes, release highlights, editorial content
Section 535: product notes, release highlights, editorial content
Section 536: product notes, release highlights, editorial content
Section 537: product notes, release highlights, editorial content
Section 538: product notes, release highlights, editorial content
Section 539: product notes, release highlights, editorial content
Section 540: product notes, release highlights, editorial content
Section 541: product notes, release highlights, editorial content
Section 542: product notes, release highlights, editorial content
Section 543: product notes, release highlights, editorial content
Section 544: product notes, release highlights, editorial content
Section 545: product notes, release highlights, editorial content
Section 546: product notes, release highlights, editorial content
Section 547: product notes, release highlights, editorial content
Section 548: product notes, release highlights, editorial content
Section 549: product notes, release highlights, editorial content
Section 550: product notes, release highlights, editorial content
Section 551: product notes, release highlights, editorial content
Section 552: product notes, release highlights, editorial content
Section 553: product notes, release highlights, editorial content
Section 554: product notes, release highlights, editorial content
Section 555: product notes, release highlights, editorial content
Section 556: product notes, release highlights, editorial content
Section 557: product notes, release highlights, editorial content
Section 558: product notes, release highlights, editorial content
Section 559: product notes, release highlights, editorial content
Section 560: product notes, release highlights, editorial content
Section 561: product notes, release highlights, editorial content
Section 562: product notes, release highlights, editorial content
Section 563: product notes, release highlights, editorial content
Section 564: product notes, release highlights, editorial content
Section 565: product notes, release highlights, editorial content
Section 566: product notes, release highlights, editorial content
Section 567: product notes, release highlights, editorial content
Section 568: product notes, release highlights, editorial content
Section 569: product notes, release highlights, editorial content
Section 570: product notes, release highlights, editorial content
Section 571: product notes, release highlights, editorial content
Section 572: product notes, release highlights, editorial content
Section 573: product notes, release highlights, editorial content
Section 574: product notes, release highlights, editorial content
Section 575: product notes, release highlights, editorial content
Section 576: product notes, release highlights, editorial content
Section 577: product notes, release highlights, editorial content
Section 578: product notes, release highlights, editorial content
Section 579: product notes, release highlights, editorial content
Section 580: product notes, release highlights, editorial content
Section 581: product notes, release highlights, editorial content
Section 582: product notes, release highlights, editorial content
Section 583: product notes, release highlights, editorial content
Section 584: product notes, release highlights, editorial content
Section 585: product notes, release highlights, editorial content
Section 586: product notes, release highlights, editorial content
Section 587: product notes, release highlights, editorial content
Section 588: product notes, release highlights, editorial content
Section 589: product notes, release highlights, editorial content
Section 590: product notes, release highlights, editorial content
Section 591: product notes, release highlights, editorial content
Section 592: product notes, release highlights, editorial content
Section 593: product notes, release highlights, editorial content
Section 594: product notes, release highlights, editorial content
Section 595: product notes, release highlights, editorial content
Section 596: product notes, release highlights, editorial content
Section 597: product notes, release highlights, editorial content
Section 598: product notes, release highlights, editorial content
Section 599: product notes, release highlights, editorial content
Section 600: product notes, release highlights, editorial content
Section 601: product notes, release highlights, editorial content
Section 602: product notes, release highlights, editorial content
Section 603: product notes, release highlights, editorial content
Section 604: product notes, release highlights, editorial content
Section 605: product notes, release highlights, editorial content
Section 606: product notes, release highlights, editorial content
Section 607: product notes, release highlights, editorial content
Section 608: product notes, release highlights, editorial content
Section 609: product notes, release highlights, editorial content
Section 610: product notes, release highlights, editorial content
Section 611: product notes, release highlights, editorial content
Section 612: product notes, release highlights, editorial content
Section 613: product notes, release highlights, editorial content
Section 614: product notes, release highlights, editorial content
Section 615: product notes, release highlights, editorial content
Section 616: product notes, release highlights, editorial content
Section 617: product notes, release highlights, editorial content
Section 618: product notes, release highlights, editorial content
Section 619: product notes, release highlights, editorial content
Section 620: product notes, release highlights, editorial content
Section 621: product notes, release highlights, editorial content
Section 622: product notes, release highlights, editorial content
Section 623: product notes, release highlights, editorial content
Section 624: product notes, release highlights, editorial content
Section 625: product notes, release highlights, editorial content
Section 626: product notes, release highlights, editorial content
Section 627: product notes, release highlights, editorial content
Section 628: product notes, release highlights, editorial content
Section 629: product notes, release highlights, editorial content
Section 630: product notes, release highlights, editorial content
Section 631: product notes, release highlights, editorial content
Section 632: product notes, release highlights, editorial content
Section 633: product notes, release highlights, editorial content
Section 634: product notes, release highlights, editorial content
Section 635: product notes, release highlights, editorial content
Section 636: product notes, release highlights, editorial content
Section 637: product notes, release highlights, editorial content
Section 638: product notes, release highlights, editorial content
Section 639: product notes, release highlights, editorial content
Section 640: product notes, release highlights, editorial content
Section 641: product notes, release highlights, editorial content
Section 642: product notes, release highlights, editorial content
Section 643: product notes, release highlights, editorial content
Section 644: product notes, release highlights, editorial content
Section 645: product notes, release highlights, editorial content
Section 646: product notes, release highlights, editorial content
Section 647: product notes, release highlights, editorial content
Section 648: product notes, release highlights, editorial content
Section 649: product notes, release highlights, editorial content
Section 650: product notes, release highlights, editorial content
Section 651: product notes, release highlights, editorial content
Section 652: product notes, release highlights, editorial content
Section 653: product notes, release highlights, editorial content
Section 654: product notes, release highlights, editorial content
Section 655: product notes, release highlights, editorial content
Section 656: product notes, release highlights, editorial content
Section 657: product notes, release highlights, editorial content
Section 658: product notes, release highlights, editorial content
Section 659: product notes, release highlights, editorial content
Section 660: product notes, release highlights, editorial content
Section 661: product notes, release highlights, editorial content
Section 662: product notes, release highlights, editorial content
Section 663: product notes, release highlights, editorial content
Section 664: product notes, release highlights, editorial content
Section 665: product notes, release highlights, editorial content
Section 666: product notes, release highlights, editorial content
Section 667: product notes, release highlights, editorial content
Section 668: product notes, release highlights, editorial content
Section 669: product notes, release highlights, editorial content
Section 670: product notes, release highlights, editorial content
Section 671: product notes, release highlights, editorial content
Section 672: product notes, release highlights, editorial content
Section 673: product notes, release highlights, editorial content
Section 674: product notes, release highlights, editorial content
Section 675: product notes, release highlights, editorial content
Section 676: product notes, release highlights, editorial content
Section 677: product notes, release highlights, editorial content
Section 678: product notes, release highlights, editorial content
Section 679: product notes, release highlights, editorial content
Section 680: product notes, release highlights, editorial content
Section 681: product notes, release highlights, editorial content
Section 682: product notes, release highlights, editorial content
Section 683: product notes, release highlights, editorial content
Section 684: product notes, release highlights, editorial content
Section 685: product notes, release highlights, editorial content
Section 686: product notes, release highlights, editorial content
Section 687: product notes, release highlights, editorial content
Section 688: product notes, release highlights, editorial content
Section 689: product notes, release highlights, editorial content
Section 690: product notes, release highlights, editorial content
Section 691: product notes, release highlights, editorial content
Section 692: product notes, release highlights, editorial content
Section 693: product notes, release highlights, editorial content
Section 694: product notes, release highlights, editorial content
Section 695: product notes, release highlights, editorial content
Section 696: product notes, release highlights, editorial content
Section 697: product notes, release highlights, editorial content
Section 698: product notes, release highlights, editorial content
Section 699: product notes, release highlights, editorial content
Section 700: product notes, release highlights, editorial content
Section 701: product notes, release highlights, editorial content
Section 702: product notes, release highlights, editorial content
Section 703: product notes, release highlights, editorial content
Section 704: product notes, release highlights, editorial content
Section 705: product notes, release highlights, editorial content
Section 706: product notes, release highlights, editorial content
Section 707: product notes, release highlights, editorial content
Section 708: product notes, release highlights, editorial content
Section 709: product notes, release highlights, editorial content
Section 710: product notes, release highlights, editorial content
Section 711: product notes, release highlights, editorial content
Section 712: product notes, release highlights, editorial content
Section 713: product notes, release highlights, editorial content
Section 714: product notes, release highlights, editorial content
Section 715: product notes, release highlights, editorial content
Section 716: product notes, release highlights, editorial content
Section 717: product notes, release highlights, editorial content
Section 718: product notes, release highlights, editorial content
Section 719: product notes, release highlights, editorial content
Section 720: product notes, release highlights, editorial content
Section 721: product notes, release highlights, editorial content
Section 722: product notes, release highlights, editorial content
Section 723: product notes, release highlights, editorial content
Section 724: product notes, release highlights, editorial content
Section 725: product notes, release highlights, editorial content
Section 726: product notes, release highlights, editorial content
Section 727: product notes, release highlights, editorial content
Section 728: product notes, release highlights, editorial content
Section 729: product notes, release highlights, editorial content
Section 730: product notes, release highlights, editorial content
Section 731: product notes, release highlights, editorial content
Section 732: product notes, release highlights, editorial content
Section 733: product notes, release highlights, editorial content
Section 734: product notes, release highlights, editorial content
Section 735: product notes, release highlights, editorial content
Section 736: product notes, release highlights, editorial content
Section 737: product notes, release highlights, editorial content
Section 738: product notes, release highlights, editorial content
Section 739: product notes, release highlights, editorial content
Section 740: product notes, release highlights, editorial content
Section 741: product notes, release highlights, editorial content
Section 742: product notes, release highlights, editorial content
Section 743: product notes, release highlights, editorial content
Section 744: product notes, release highlights, editorial content
Section 745: product notes, release highlights, editorial content
Section 746: product notes, release highlights, editorial content
Section 747: product notes, release highlights, editorial content
Section 748: product notes, release highlights, editorial content
Section 749: product notes, release highlights, editorial content
Section 750: product notes, release highlights, editorial content
Section 751: product notes, release highlights, editorial content
Section 752: product notes, release highlights, editorial content
Section 753: product notes, release highlights, editorial content
Section 754: product notes, release highlights, editorial content
Section 755: product notes, release highlights, editorial content
Section 756: product notes, release highlights, editorial content
Section 757: product notes, release highlights, editorial content
Section 758: product notes, release highlights, editorial content
Section 759: product notes, release highlights, editorial content
Section 760: product notes, release highlights, editorial content
Section 761: product notes, release highlights, editorial content
Section 762: product notes, release highlights, editorial content
Section 763: product notes, release highlights, editorial content
Section 764: product notes, release highlights, editorial content
Section 765: product notes, release highlights, editorial content
Section 766: product notes, release highlights, editorial content
Section 767: product notes, release highlights, editorial content
Section 768: product notes, release highlights, editorial content
Section 769: product notes, release highlights, editorial content
Section 770: product notes, release highlights, editorial content
Section 771: product notes, release highlights, editorial content
Section 772: product notes, release highlights, editorial content
Section 773: product notes, release highlights, editorial content
Section 774: product notes, release highlights, editorial content
Section 775: product notes, release highlights, editorial content
Section 776: product notes, release highlights, editorial content
Section 777: product notes, release highlights, editorial content
Section 778: product notes, release highlights, editorial content
Section 779: product notes, release highlights, editorial content
Section 780: product notes, release highlights, editorial content
Section 781: product notes, release highlights, editorial content
Section 782: product notes, release highlights, editorial content
Section 783: product notes, release highlights, editorial content
Section 784: product notes, release highlights, editorial content
Section 785: product notes, release highlights, editorial content
Section 786: product notes, release highlights, editorial content
Section 787: product notes, release highlights, editorial content
Section 788: product notes, release highlights, editorial content
Section 789: product notes, release highlights, editorial content
Section 790: product notes, release highlights, editorial content
Section 791: product notes, release highlights, editorial content
Section 792: product notes, release highlights, editorial content
Section 793: product notes, release highlights, editorial content
Section 794: product notes, release highlights, editorial content
Section 795: product notes, release highlights, editorial content
Section 796: product notes, release highlights, editorial content
Section 797: product notes, release highlights, editorial content
Section 798: product notes, release highlights, editorial content
Section 799: product notes, release highlights, editorial content
Section 800: product notes, release highlights, editorial content
Section 801: product notes, release highlights, editorial content
Section 802: product notes, release highlights, editorial content
Section 803: product notes, release highlights, editorial content
Section 804: product notes, release highlights, editorial content
Section 805: product notes, release highlights, editorial content
Section 806: product notes, release highlights, editorial content
Section 807: product notes, release highlights, editorial content
Section 808: product notes, release highlights, editorial content
Section 809: product notes, release highlights, editorial content
Section 810: product notes, release highlights, editorial content
Section 811: product notes, release highlights, editorial content
Section 812: product notes, release highlights, editorial content
Section 813: product notes, release highlights, editorial content
Section 814: product notes, release highlights, editorial content
Section 815: product notes, release highlights, editorial content
Section 816: product notes, release highlights, editorial content
Section 817: product notes, release highlights, editorial content
Section 818: product notes, release highlights, editorial content
Section 819: product notes, release highlights, editorial content
Section 820: product notes, release highlights, editorial content
Section 821: product notes, release highlights, editorial content
Section 822: product notes, release highlights, editorial content
Section 823: product notes, release highlights, editorial content
Section 824: product notes, release highlights, editorial content
Section 825: product notes, release highlights, editorial content
Section 826: product notes, release highlights, editorial content
Section 827: product notes, release highlights, editorial content
Section 828: product notes, release highlights, editorial content
Section 829: product notes, release highlights, editorial content
Section 830: product notes, release highlights, editorial content
Section 831: product notes, release highlights, editorial content
Section 832: product notes, release highlights, editorial content
Section 833: product notes, release highlights, editorial content
Section 834: product notes, release highlights, editorial content
Section 835: product notes, release highlights, editorial content
Section 836: product notes, release highlights, editorial content
Section 837: product notes, release highlights, editorial content
Section 838: product notes, release highlights, editorial content
Section 839: product notes, release highlights, editorial content
Section 840: product notes, release highlights, editorial content
Section 841: product notes, release highlights, editorial content
Section 842: product notes, release highlights, editorial content
Section 843: product notes, release highlights, editorial content
Section 844: product notes, release highlights, editorial content
Section 845: product notes, release highlights, editorial content
Section 846: product notes, release highlights, editorial content
Section 847: product notes, release highlights, editorial content
Section 848: product notes, release highlights, editorial content
Section 849: product notes, release highlights, editorial content
Section 850: product notes, release highlights, editorial content
Section 851: product notes, release highlights, editorial content
Section 852: product notes, release highlights, editorial content
Section 853: product notes, release highlights, editorial content
Section 854: product notes, release highlights, editorial content
Section 855: product notes, release highlights, editorial content
Section 856: product notes, release highlights, editorial content
Section 857: product notes, release highlights, editorial content
Section 858: product notes, release highlights, editorial content
Section 859: product notes, release highlights, editorial content
Section 860: product notes, release highlights, editorial content
Section 861: product notes, release highlights, editorial content
Section 862: product notes, release highlights, editorial content
Section 863: product notes, release highlights, editorial content
Section 864: product notes, release highlights, editorial content
Section 865: product notes, release highlights, editorial content
Section 866: product notes, release highlights, editorial content
Section 867: product notes, release highlights, editorial content
Section 868: product notes, release highlights, editorial content
Section 869: product notes, release highlights, editorial content
Section 870: product notes, release highlights, editorial content
Section 871: product notes, release highlights, editorial content
Section 872: product notes, release highlights, editorial content
Section 873: product notes, release highlights, editorial content
Section 874: product notes, release highlights, editorial content
Section 875: product notes, release highlights, editorial content
Section 876: product notes, release highlights, editorial content
Section 877: product notes, release highlights, editorial content
Section 878: product notes, release highlights, editorial content
Section 879: product notes, release highlights, editorial content
Section 880: product notes, release highlights, editorial content
Section 881: product notes, release highlights, editorial content
Section 882: product notes, release highlights, editorial content
Section 883: product notes, release highlights, editorial content
Section 884: product notes, release highlights, editorial content
Section 885: product notes, release highlights, editorial content
Section 886: product notes, release highlights, editorial content
Section 887: product notes, release highlights, editorial content
Section 888: product notes, release highlights, editorial content
Section 889: product notes, release highlights, editorial content
Section 890: product notes, release highlights, editorial content
Section 891: product notes, release highlights, editorial content
Section 892: product notes, release highlights, editorial content
Section 893: product notes, release highlights, editorial content
Section 894: product notes, release highlights, editorial content
Section 895: product notes, release highlights, editorial content
Section 896: product notes, release highlights, editorial content
Section 897: product notes, release highlights, editorial content
Section 898: product notes, release highlights, editorial content
Section 899: product notes, release highlights, editorial content
Section 900: product notes, release highlights, editorial content
Section 901: product notes, release highlights, editorial content
Section 902: product notes, release highlights, editorial content
Section 903: product notes, release highlights, editorial content
Section 904: product notes, release highlights, editorial content
Section 905: product notes, release highlights, editorial content
Section 906: product notes, release highlights, editorial content
Section 907: product notes, release highlights, editorial content
Section 908: product notes, release highlights, editorial content
Section 909: product notes, release highlights, editorial content
Section 910: product notes, release highlights, editorial content
Section 911: product notes, release highlights, editorial content
Section 912: product notes, release highlights, editorial content
Section 913: product notes, release highlights, editorial content
Section 914: product notes, release highlights, editorial content
Section 915: product notes, release highlights, editorial content
Section 916: product notes, release highlights, editorial content
Section 917: product notes, release highlights, editorial content
Section 918: product notes, release highlights, editorial content
Section 919: product notes, release highlights, editorial content
Section 920: product notes, release highlights, editorial content
Section 921: product notes, release highlights, editorial content
Section 922: product notes, release highlights, editorial content
Section 923: product notes, release highlights, editorial content
Section 924: product notes, release highlights, editorial content
Section 925: product notes, release highlights, editorial content
Section 926: product notes, release highlights, editorial content
Section 927: product notes, release highlights, editorial content
Section 928: product notes, release highlights, editorial content
Section 929: product notes, release highlights, editorial content
Section 930: product notes, release highlights, editorial content
Section 931: product notes, release highlights, editorial content
Section 932: product notes, release highlights, editorial content
Section 933: product notes, release highlights, editorial content
Section 934: product notes, release highlights, editorial content
Section 935: product notes, release highlights, editorial content
Section 936: product notes, release highlights, editorial content
Section 937: product notes, release highlights, editorial content
Section 938: product notes, release highlights, editorial content
Section 939: product notes, release highlights, editorial content
Section 940: product notes, release highlights, editorial content
Section 941: product notes, release highlights, editorial content
Section 942: product notes, release highlights, editorial content
Section 943: product notes, release highlights, editorial content
Section 944: product notes, release highlights, editorial content
Section 945: product notes, release highlights, editorial content
Section 946: product notes, release highlights, editorial content
Section 947: product notes, release highlights, editorial content
Section 948: product notes, release highlights, editorial content
Section 949: product notes, release highlights, editorial content
Section 950: product notes, release highlights, editorial content
Section 951: product notes, release highlights, editorial content
Section 952: product notes, release highlights, editorial content
Section 953: product notes, release highlights, editorial content
Section 954: product notes, release highlights, editorial content
Section 955: product notes, release highlights, editorial content
Section 956: product notes, release highlights, editorial content
Section 957: product notes, release highlights, editorial content
Section 958: product notes, release highlights, editorial content
Section 959: product notes, release highlights, editorial content
Section 960: product notes, release highlights, editorial content
Section 961: product notes, release highlights, editorial content
Section 962: product notes, release highlights, editorial content
Section 963: product notes, release highlights, editorial content
Section 964: product notes, release highlights, editorial content
Section 965: product notes, release highlights, editorial content
Section 966: product notes, release highlights, editorial content
Section 967: product notes, release highlights, editorial content
Section 968: product notes, release highlights, editorial content
Section 969: product notes, release highlights, editorial content
Section 970: product notes, release highlights, editorial content
Section 971: product notes, release highlights, editorial content
Section 972: product notes, release highlights, editorial content
Section 973: product notes, release highlights, editorial content
Section 974: product notes, release highlights, editorial content
Section 975: product notes, release highlights, editorial content
Section 976: product notes, release highlights, editorial content
Section 977: product notes, release highlights, editorial content
Section 978: product notes, release highlights, editorial content
Section 979: product notes, release highlights, editorial content
Section 980: product notes, release highlights, editorial content
Section 981: product notes, release highlights, editorial content
Section 982: product notes, release highlights, editorial content
Section 983: product notes, release highlights, editorial content
Section 984: product notes, release highlights, editorial content
Section 985: product notes, release highlights, editorial content
Section 986: product notes, release highlights, editorial content
Section 987: product notes, release highlights, editorial content
Section 988: product notes, release highlights, editorial content
Section 989: product notes, release highlights, editorial content
Section 990: product notes, release highlights, editorial content
Section 991: product notes, release highlights, editorial content
Section 992: product notes, release highlights, editorial content
Section 993: product notes, release highlights, editorial content
Section 994: product notes, release highlights, editorial content
Section 995: product notes, release highlights, editorial content
Section 996: product notes, release highlights, editorial content
Section 997: product notes, release highlights, editorial content
Section 998: product notes, release highlights, editorial content
Section 999: product notes, release highlights, editorial content
Section 1000: product notes, release highlights, editorial content
Section 1001: product notes, release highlights, editorial content
Section 1002: product notes, release highlights, editorial content
Section 1003: product notes, release highlights, editorial content
Section 1004: product notes, release highlights, editorial content
Section 1005: product notes, release highlights, editorial content
Section 1006: product notes, release highlights, editorial content
Section 1007: product notes, release highlights, editorial content
Section 1008: product notes, release highlights, editorial content
Section 1009: product notes, release highlights, editorial content
Section 1010: product notes, release highlights, editorial content
Section 1011: product notes, release highlights, editorial content
Section 1012: product notes, release highlights, editorial content
Section 1013: product notes, release highlights, editorial content
Section 1014: product notes, release highlights, editorial content
Section 1015: product notes, release highlights, editorial content
Section 1016: product notes, release highlights, editorial content
Section 1017: product notes, release highlights, editorial content
Section 1018: product notes, release highlights, editorial content
Section 1019: product notes, release highlights, editorial content
Section 1020: product notes, release highlights, editorial content
Section 1021: product notes, release highlights, editorial content
Section 1022: product notes, release highlights, editorial content
Section 1023: product notes, release highlights, editorial content
Section 1024: product notes, release highlights, editorial content
Section 1025: product notes, release highlights, editorial content
Section 1026: product notes, release highlights, editorial content
Section 1027: product notes, release highlights, editorial content
Section 1028: product notes, release highlights, editorial content
Section 1029: product notes, release highlights, editorial content
Section 1030: product notes, release highlights, editorial content
Section 1031: product notes, release highlights, editorial content
Section 1032: product notes, release highlights, editorial content
Section 1033: product notes, release highlights, editorial content
Section 1034: product notes, release highlights, editorial content
Section 1035: product notes, release highlights, editorial content
Section 1036: product notes, release highlights, editorial content
Section 1037: product notes, release highlights, editorial content
Section 1038: product notes, release highlights, editorial content
Section 1039: product notes, release highlights, editorial content
Section 1040: product notes, release highlights, editorial content
Section 1041: product notes, release highlights, editorial content
Section 1042: product notes, release highlights, editorial content
Section 1043: product notes, release highlights, editorial content
Section 1044: product notes, release highlights, editorial content
Section 1045: product notes, release highlights, editorial content
Section 1046: product notes, release highlights, editorial content
Section 1047: product notes, release highlights, editorial content
Section 1048: product notes, release highlights, editorial content
Section 1049: product notes, release highlights, editorial content
Section 1050: product notes, release highlights, editorial content
Section 1051: product notes, release highlights, editorial content
Section 1052: product notes, release highlights, editorial content
Section 1053: product notes, release highlights, editorial content
Section 1054: product notes, release highlights, editorial content
Section 1055: product notes, release highlights, editorial content
Section 1056: product notes, release highlights, editorial content
Section 1057: product notes, release highlights, editorial content
Section 1058: product notes, release highlights, editorial content
Section 1059: product notes, release highlights, editorial content
Section 1060: product notes, release highlights, editorial content
Section 1061: product notes, release highlights, editorial content
Section 1062: product notes, release highlights, editorial content
Section 1063: product notes, release highlights, editorial content
Section 1064: product notes, release highlights, editorial content
Section 1065: product notes, release highlights, editorial content
Section 1066: product notes, release highlights, editorial content
Section 1067: product notes, release highlights, editorial content
Section 1068: product notes, release highlights, editorial content
Section 1069: product notes, release highlights, editorial content
Section 1070: product notes, release highlights, editorial content
Section 1071: product notes, release highlights, editorial content
Section 1072: product notes, release highlights, editorial content
Section 1073: product notes, release highlights, editorial content
Section 1074: product notes, release highlights, editorial content
Section 1075: product notes, release highlights, editorial content
Section 1076: product notes, release highlights, editorial content
Section 1077: product notes, release highlights, editorial content
Section 1078: product notes, release highlights, editorial content
Section 1079: product notes, release highlights, editorial content
Section 1080: product notes, release highlights, editorial content
Section 1081: product notes, release highlights, editorial content
Section 1082: product notes, release highlights, editorial content
Section 1083: product notes, release highlights, editorial content
Section 1084: product notes, release highlights, editorial content
Section 1085: product notes, release highlights, editorial content
Section 1086: product notes, release highlights, editorial content
Section 1087: product notes, release highlights, editorial content
Section 1088: product notes, release highlights, editorial content
Section 1089: product notes, release highlights, editorial content
Section 1090: product notes, release highlights, editorial content
Section 1091: product notes, release highlights, editorial content
Section 1092: product notes, release highlights, editorial content
Section 1093: product notes, release highlights, editorial content
Section 1094: product notes, release highlights, editorial content
Section 1095: product notes, release highlights, editorial content
Section 1096: product notes, release highlights, editorial content
Section 1097: product notes, release highlights, editorial content
Section 1098: product notes, release highlights, editorial content
Section 1099: product notes, release highlights, editorial content
Section 1100: product notes, release highlights, editorial content
Section 1101: product notes, release highlights, editorial content
Section 1102: product notes, release highlights, editorial content
Section 1103: product notes, release highlights, editorial content
Section 1104: product notes, release highlights, editorial content
Section 1105: product notes, release highlights, editorial content
Section 1106: product notes, release highlights, editorial content
Section 1107: product notes, release highlights, editorial content
Section 1108: product notes, release highlights, editorial content
Section 1109: product notes, release highlights, editorial content
Section 1110: product notes, release highlights, editorial content
Section 1111: product notes, release highlights, editorial content
Section 1112: product notes, release highlights, editorial content
Section 1113: product notes, release highlights, editorial content
Section 1114: product notes, release highlights, editorial content
Section 1115: product notes, release highlights, editorial content
Section 1116: product notes, release highlights, editorial content
Section 1117: product notes, release highlights, editorial content
Section 1118: product notes, release highlights, editorial content
Section 1119: product notes, release highlights, editorial content
Section 1120: product notes, release highlights, editorial content
Section 1121: product notes, release highlights, editorial content
Section 1122: product notes, release highlights, editorial content
Section 1123: product notes, release highlights, editorial content
Section 1124: product notes, release highlights, editorial content
Section 1125: product notes, release highlights, editorial content
Section 1126: product notes, release highlights, editorial content
Section 1127: product notes, release highlights, editorial content
Section 1128: product notes, release highlights, editorial content
Section 1129: product notes, release highlights, editorial content
Section 1130: product notes, release highlights, editorial content
Section 1131: product notes, release highlights, editorial content
Section 1132: product notes, release highlights, editorial content
Section 1133: product notes, release highlights, editorial content
Section 1134: product notes, release highlights, editorial content
Section 1135: product notes, release highlights, editorial content
Section 1136: product notes, release highlights, editorial content
Section 1137: product notes, release highlights, editorial content
Section 1138: product notes, release highlights, editorial content
Section 1139: product notes, release highlights, editorial content
Section 1140: product notes, release highlights, editorial content
Section 1141: product notes, release highlights, editorial content
Section 1142: product notes, release highlights, editorial content
Section 1143: product notes, release highlights, editorial content
Section 1144: product notes, release highlights, editorial content
Section 1145: product notes, release highlights, editorial content
Section 1146: product notes, release highlights, editorial content
Section 1147: product notes, release highlights, editorial content
Section 1148: product notes, release highlights, editorial content
Section 1149: product notes, release highlights, editorial content
Section 1150: product notes, release highlights, editorial content
Section 1151: product notes, release highlights, editorial content
Section 1152: product notes, release highlights, editorial content
Section 1153: product notes, release highlights, editorial content
Section 1154: product notes, release highlights, editorial content
Section 1155: product notes, release highlights, editorial content
Section 1156: product notes, release highlights, editorial content
Section 1157: product notes, release highlights, editorial content
Section 1158: product notes, release highlights, editorial content
Section 1159: product notes, release highlights, editorial content
Section 1160: product notes, release highlights, editorial content
Section 1161: product notes, release highlights, editorial content
Section 1162: product notes, release highlights, editorial content
Section 1163: product notes, release highlights, editorial content
Section 1164: product notes, release highlights, editorial content
Section 1165: product notes, release highlights, editorial content
Section 1166: product notes, release highlights, editorial content
Section 1167: product notes, release highlights, editorial content
Section 1168: product notes, release highlights, editorial content
Section 1169: product notes, release highlights, editorial content
Section 1170: product notes, release highlights, editorial content
Section 1171: product notes, release highlights, editorial content
Section 1172: product notes, release highlights, editorial content
Section 1173: product notes, release highlights, editorial content
Section 1174: product notes, release highlights, editorial content
Section 1175: product notes, release highlights, editorial content
Section 1176: product notes, release highlights, editorial content
Section 1177: product notes, release highlights, editorial content
Section 1178: product notes, release highlights, editorial content
Section 1179: product notes, release highlights, editorial content
Section 1180: product notes, release highlights, editorial content
Section 1181: product notes, release highlights, editorial content
Section 1182: product notes, release highlights, editorial content
Section 1183: product notes, release highlights, editorial content
Section 1184: product notes, release highlights, editorial content
Section 1185: product notes, release highlights, editorial content
Section 1186: product notes, release highlights, editorial content
Section 1187: product notes, release highlights, editorial content
Section 1188: product notes, release highlights, editorial content
Section 1189: product notes, release highlights, editorial content
Section 1190: product notes, release highlights, editorial content
Section 1191: product notes, release highlights, editorial content
Section 1192: product notes, release highlights, editorial content
Section 1193: product notes, release highlights, editorial content
Section 1194: product notes, release highlights, editorial content
Section 1195: product notes, release highlights, editorial content
Section 1196: product notes, release highlights, editorial content
Section 1197: product notes, release highlights, editorial content
Section 1198: product notes, release highlights, editorial content
Section 1199: product notes, release highlights, editorial content
Section 1200: product notes, release highlights, editorial content
Section 1201: product notes, release highlights, editorial content
Section 1202: product notes, release highlights, editorial content
Section 1203: product notes, release highlights, editorial content
Section 1204: product notes, release highlights, editorial content
Section 1205: product notes, release highlights, editorial content
Section 1206: product notes, release highlights, editorial content
Section 1207: product notes, release highlights, editorial content
Section 1208: product notes, release highlights, editorial content
Section 1209: product notes, release highlights, editorial content
Section 1210: product notes, release highlights, editorial content
Section 1211: product notes, release highlights, editorial content
Section 1212: product notes, release highlights, editorial content
Section 1213: product notes, release highlights, editorial content
Section 1214: product notes, release highlights, editorial content
Section 1215: product notes, release highlights, editorial content
Section 1216: product notes, release highlights, editorial content
Section 1217: product notes, release highlights, editorial content
Section 1218: product notes, release highlights, editorial content
Section 1219: product notes, release highlights, editorial content
Section 1220: product notes, release highlights, editorial content
Section 1221: product notes, release highlights, editorial content
Section 1222: product notes, release highlights, editorial content
Section 1223: product notes, release highlights, editorial content
Section 1224: product notes, release highlights, editorial content
Section 1225: product notes, release highlights, editorial content
Section 1226: product notes, release highlights, editorial content
Section 1227: product notes, release highlights, editorial content
Section 1228: product notes, release highlights, editorial content
Section 1229: product notes, release highlights, editorial content
Section 1230: product notes, release highlights, editorial content
Section 1231: product notes, release highlights, editorial content
Section 1232: product notes, release highlights, editorial content
Section 1233: product notes, release highlights, editorial content
Section 1234: product notes, release highlights, editorial content
Section 1235: product notes, release highlights, editorial content
Section 1236: product notes, release highlights, editorial content
Section 1237: product notes, release highlights, editorial content
Section 1238: product notes, release highlights, editorial content
Section 1239: product notes, release highlights, editorial content
Section 1240: product notes, release highlights, editorial content
Section 1241: product notes, release highlights, editorial content
Section 1242: product notes, release highlights, editorial content
Section 1243: product notes, release highlights, editorial content
Section 1244: product notes, release highlights, editorial content
Section 1245: product notes, release highlights, editorial content
Section 1246: product notes, release highlights, editorial content
Section 1247: product notes, release highlights, editorial content
Section 1248: product notes, release highlights, editorial content
Section 1249: product notes, release highlights, editorial content
Section 1250: product notes, release highlights, editorial content
Section 1251: product notes, release highlights, editorial content
Section 1252: product notes, release highlights, editorial content
Section 1253: product notes, release highlights, editorial content
Section 1254: product notes, release highlights, editorial content
Section 1255: product notes, release highlights, editorial content
Section 1256: product notes, release highlights, editorial content
Section 1257: product notes, release highlights, editorial content
Section 1258: product notes, release highlights, editorial content
Section 1259: product notes, release highlights, editorial content
Section 1260: product notes, release highlights, editorial content
Section 1261: product notes, release highlights, editorial content
Section 1262: product notes, release highlights, editorial content
Section 1263: product notes, release highlights, editorial content
Section 1264: product notes, release highlights, editorial content
Section 1265: product notes, release highlights, editorial content
Section 1266: product notes, release highlights, editorial content
Section 1267: product notes, release highlights, editorial content
Section 1268: product notes, release highlights, editorial content
Section 1269: product notes, release highlights, editorial content
Section 1270: product notes, release highlights, editorial content
Section 1271: product notes, release highlights, editorial content
Section 1272: product notes, release highlights, editorial content
Section 1273: product notes, release highlights, editorial content
Section 1274: product notes, release highlights, editorial content
Section 1275: product notes, release highlights, editorial content
Section 1276: product notes, release highlights, editorial content
Section 1277: product notes, release highlights, editorial content
Section 1278: product notes, release highlights, editorial content
Section 1279: product notes, release highlights, editorial content
Section 1280: product notes, release highlights, editorial content
Section 1281: product notes, release highlights, editorial content
Section 1282: product notes, release highlights, editorial content
Section 1283: product notes, release highlights, editorial content
Section 1284: product notes, release highlights, editorial content
Section 1285: product notes, release highlights, editorial content
Section 1286: product notes, release highlights, editorial content
Section 1287: product notes, release highlights, editorial content
Section 1288: product notes, release highlights, editorial content
Section 1289: product notes, release highlights, editorial content
Section 1290: product notes, release highlights, editorial content
Section 1291: product notes, release highlights, editorial content
Section 1292: product notes, release highlights, editorial content
Section 1293: product notes, release highlights, editorial content
Section 1294: product notes, release highlights, editorial content
Section 1295: product notes, release highlights, editorial content
Section 1296: product notes, release highlights, editorial content
Section 1297: product notes, release highlights, editorial content
Section 1298: product notes, release highlights, editorial content
Section 1299: product notes, release highlights, editorial content
Section 1300: product notes, release highlights, editorial content
Section 1301: product notes, release highlights, editorial content
Section 1302: product notes, release highlights, editorial content
Section 1303: product notes, release highlights, editorial content
Section 1304: product notes, release highlights, editorial content
Section 1305: product notes, release highlights, editorial content
Section 1306: product notes, release highlights, editorial content
Section 1307: product notes, release highlights, editorial content
Section 1308: product notes, release highlights, editorial content
Section 1309: product notes, release highlights, editorial content
Section 1310: product notes, release highlights, editorial content
Section 1311: product notes, release highlights, editorial content
Section 1312: product notes, release highlights, editorial content
Section 1313: product notes, release highlights, editorial content
Section 1314: product notes, release highlights, editorial content
Section 1315: product notes, release highlights, editorial content
Section 1316: product notes, release highlights, editorial content
Section 1317: product notes, release highlights, editorial content
Section 1318: product notes, release highlights, editorial content
Section 1319: product notes, release highlights, editorial content
Section 1320: product notes, release highlights, editorial content
Section 1321: product notes, release highlights, editorial content
Section 1322: product notes, release highlights, editorial content
Section 1323: product notes, release highlights, editorial content
Section 1324: product notes, release highlights, editorial content
Section 1325: product notes, release highlights, editorial content
Section 1326: product notes, release highlights, editorial content
Section 1327: product notes, release highlights, editorial content
Section 1328: product notes, release highlights, editorial content
Section 1329: product notes, release highlights, editorial content
Section 1330: product notes, release highlights, editorial content
Section 1331: product notes, release highlights, editorial content
Section 1332: product notes, release highlights, editorial content
Section 1333: product notes, release highlights, editorial content
Section 1334: product notes, release highlights, editorial content
Section 1335: product notes, release highlights, editorial content
Section 1336: product notes, release highlights, editorial content
Section 1337: product notes, release highlights, editorial content
Section 1338: product notes, release highlights, editorial content
Section 1339: product notes, release highlights, editorial content
Section 1340: product notes, release highlights, editorial content
Section 1341: product notes, release highlights, editorial content
Section 1342: product notes, release highlights, editorial content
Section 1343: product notes, release highlights, editorial content
Section 1344: product notes, release highlights, editorial content
Section 1345: product notes, release highlights, editorial content
Section 1346: product notes, release highlights, editorial content
Section 1347: product notes, release highlights, editorial content
Section 1348: product notes, release highlights, editorial content
Section 1349: product notes, release highlights, editorial content
Section 1350: product notes, release highlights, editorial content
Section 1351: product notes, release highlights, editorial content
Section 1352: product notes, release highlights, editorial content
Section 1353: product notes, release highlights, editorial content
Section 1354: product notes, release highlights, editorial content
Section 1355: product notes, release highlights, editorial content
Section 1356: product notes, release highlights, editorial content
Section 1357: product notes, release highlights, editorial content
Section 1358: product notes, release highlights, editorial content
Section 1359: product notes, release highlights, editorial content
Section 1360: product notes, release highlights, editorial content
Section 1361: product notes, release highlights, editorial content
Section 1362: product notes, release highlights, editorial content
Section 1363: product notes, release highlights, editorial content
Section 1364: product notes, release highlights, editorial content
Section 1365: product notes, release highlights, editorial content
Section 1366: product notes, release highlights, editorial content
Section 1367: product notes, release highlights, editorial content
Section 1368: product notes, release highlights, editorial content
Section 1369: product notes, release highlights, editorial content
Section 1370: product notes, release highlights, editorial content
Section 1371: product notes, release highlights, editorial content
Section 1372: product notes, release highlights, editorial content
Section 1373: product notes, release highlights, editorial content
Section 1374: product notes, release highlights, editorial content
Section 1375: product notes, release highlights, editorial content
Section 1376: product notes, release highlights, editorial content
Section 1377: product notes, release highlights, editorial content
Section 1378: product notes, release highlights, editorial content
Section 1379: product notes, release highlights, editorial content
Section 1380: product notes, release highlights, editorial content
Section 1381: product notes, release highlights, editorial content
Section 1382: product notes, release highlights, editorial content
Section 1383: product notes, release highlights, editorial content
Section 1384: product notes, release highlights, editorial content
Section 1385: product notes, release highlights, editorial content
Section 1386: product notes, release highlights, editorial content
Section 1387: product notes, release highlights, editorial content
Section 1388: product notes, release highlights, editorial content
Section 1389: product notes, release highlights, editorial content
Section 1390: product notes, release highlights, editorial content
Section 1391: product notes, release highlights, editorial content
Section 1392: product notes, release highlights, editorial content
Section 1393: product notes, release highlights, editorial content
Section 1394: product notes, release highlights, editorial content
Section 1395: product notes, release highlights, editorial content
Section 1396: product notes, release highlights, editorial content
Section 1397: product notes, release highlights, editorial content
Section 1398: product notes, release highlights, editorial content
Section 1399: product notes, release highlights, editorial content
Section 1400: product notes, release highlights, editorial content
Section 1401: product notes, release highlights, editorial content
Section 1402: product notes, release highlights, editorial content
Section 1403: product notes, release highlights, editorial content
Section 1404: product notes, release highlights, editorial content
Section 1405: product notes, release highlights, editorial content
Section 1406: product notes, release highlights, editorial content
Section 1407: product notes, release highlights, editorial content
Section 1408: product notes, release highlights, editorial content
Section 1409: product notes, release highlights, editorial content
Section 1410: product notes, release highlights, editorial content
Section 1411: product notes, release highlights, editorial content
Section 1412: product notes, release highlights, editorial content
Section 1413: product notes, release highlights, editorial content
Section 1414: product notes, release highlights, editorial content
Section 1415: product notes, release highlights, editorial content
Section 1416: product notes, release highlights, editorial content
Section 1417: product notes, release highlights, editorial content
Section 1418: product notes, release highlights, editorial content
Section 1419: product notes, release highlights, editorial content
Section 1420: product notes, release highlights, editorial content
Section 1421: product notes, release highlights, editorial content
Section 1422: product notes, release highlights, editorial content
Section 1423: product notes, release highlights, editorial content
Section 1424: product notes, release highlights, editorial content
Section 1425: product notes, release highlights, editorial content
Section 1426: product notes, release highlights, editorial content
Section 1427: product notes, release highlights, editorial content
Section 1428: product notes, release highlights, editorial content
Section 1429: product notes, release highlights, editorial content
Section 1430: product notes, release highlights, editorial content
Section 1431: product notes, release highlights, editorial content
Section 1432: product notes, release highlights, editorial content
Section 1433: product notes, release highlights, editorial content
Section 1434: product notes, release highlights, editorial content
Section 1435: product notes, release highlights, editorial content
Section 1436: product notes, release highlights, editorial content
Section 1437: product notes, release highlights, editorial content
Section 1438: product notes, release highlights, editorial content
Section 1439: product notes, release highlights, editorial content
Section 1440: product notes, release highlights, editorial content
Section 1441: product notes, release highlights, editorial content
Section 1442: product notes, release highlights, editorial content
Section 1443: product notes, release highlights, editorial content
Section 1444: product notes, release highlights, editorial content
Section 1445: product notes, release highlights, editorial content
Section 1446: product notes, release highlights, editorial content
Section 1447: product notes, release highlights, editorial content
Section 1448: product notes, release highlights, editorial content
Section 1449: product notes, release highlights, editorial content
Section 1450: product notes, release highlights, editorial content
Section 1451: product notes, release highlights, editorial content
Section 1452: product notes, release highlights, editorial content
Section 1453: product notes, release highlights, editorial content
Section 1454: product notes, release highlights, editorial content
Section 1455: product notes, release highlights, editorial content
Section 1456: product notes, release highlights, editorial content
Section 1457: product notes, release highlights, editorial content
Section 1458: product notes, release highlights, editorial content
Section 1459: product notes, release highlights, editorial content
Section 1460: product notes, release highlights, editorial content
Section 1461: product notes, release highlights, editorial content
Section 1462: product notes, release highlights, editorial content
Section 1463: product notes, release highlights, editorial content
Section 1464: product notes, release highlights, editorial content
Section 1465: product notes, release highlights, editorial content
Section 1466: product notes, release highlights, editorial content
Section 1467: product notes, release highlights, editorial content
Section 1468: product notes, release highlights, editorial content
Section 1469: product notes, release highlights, editorial content
Section 1470: product notes, release highlights, editorial content
Section 1471: product notes, release highlights, editorial content
Section 1472: product notes, release highlights, editorial content
Section 1473: product notes, release highlights, editorial content
Section 1474: product notes, release highlights, editorial content
Section 1475: product notes, release highlights, editorial content
Section 1476: product notes, release highlights, editorial content
Section 1477: product notes, release highlights, editorial content
Section 1478: product notes, release highlights, editorial content
Section 1479: product notes, release highlights, editorial content
Section 1480: product notes, release highlights, editorial content
Section 1481: product notes, release highlights, editorial content
Section 1482: product notes, release highlights, editorial content
Section 1483: product notes, release highlights, editorial content
Section 1484: product notes, release highlights, editorial content
Section 1485: product notes, release highlights, editorial content
Section 1486: product notes, release highlights, editorial content
Section 1487: product notes, release highlights, editorial content
Section 1488: product notes, release highlights, editorial content
Section 1489: product notes, release highlights, editorial content
Section 1490: product notes, release highlights, editorial content
Section 1491: product notes, release highlights, editorial content
Section 1492: product notes, release highlights, editorial content
Section 1493: product notes, release highlights, editorial content
Section 1494: product notes, release highlights, editorial content
Section 1495: product notes, release highlights, editorial content
Section 1496: product notes, release highlights, editorial content
Section 1497: product notes, release highlights, editorial content
Section 1498: product notes, release highlights, editorial content
Section 1499: product notes, release highlights, editorial content
Section 1500: product notes, release highlights, editorial content
Section 1501: product notes, release highlights, editorial content
Section 1502: product notes, release highlights, editorial content
Section 1503: product notes, release highlights, editorial content
Section 1504: product notes, release highlights, editorial content
Section 1505: product notes, release highlights, editorial content
Section 1506: product notes, release highlights, editorial content
Section 1507: product notes, release highlights, editorial content
Section 1508: product notes, release highlights, editorial content
Section 1509: product notes, release highlights, editorial content
Section 1510: product notes, release highlights, editorial content
Section 1511: product notes, release highlights, editorial content
Section 1512: product notes, release highlights, editorial content
Section 1513: product notes, release highlights, editorial content
Section 1514: product notes, release highlights, editorial content
Section 1515: product notes, release highlights, editorial content
Section 1516: product notes, release highlights, editorial content
Section 1517: product notes, release highlights, editorial content
Section 1518: product notes, release highlights, editorial content
Section 1519: product notes, release highlights, editorial content
Section 1520: product notes, release highlights, editorial content
Section 1521: product notes, release highlights, editorial content
Section 1522: product notes, release highlights, editorial content
Section 1523: product notes, release highlights, editorial content
Section 1524: product notes, release highlights, editorial content
Section 1525: product notes, release highlights, editorial content
Section 1526: product notes, release highlights, editorial content
Section 1527: product notes, release highlights, editorial content
Section 1528: product notes, release highlights, editorial content
Section 1529: product notes, release highlights, editorial content
Section 1530: product notes, release highlights, editorial content
Section 1531: product notes, release highlights, editorial content
Section 1532: product notes, release highlights, editorial content
Section 1533: product notes, release highlights, editorial content
Section 1534: product notes, release highlights, editorial content
Section 1535: product notes, release highlights, editorial content
Section 1536: product notes, release highlights, editorial content
Section 1537: product notes, release highlights, editorial content
Section 1538: product notes, release highlights, editorial content
Section 1539: product notes, release highlights, editorial content
Section 1540: product notes, release highlights, editorial content
Section 1541: product notes, release highlights, editorial content
Section 1542: product notes, release highlights, editorial content
Section 1543: product notes, release highlights, editorial content
Section 1544: product notes, release highlights, editorial content
Section 1545: product notes, release highlights, editorial content
Section 1546: product notes, release highlights, editorial content
Section 1547: product notes, release highlights, editorial content
Section 1548: product notes, release highlights, editorial content
Section 1549: product notes, release highlights, editorial content
Section 1550: product notes, release highlights, editorial content
Section 1551: product notes, release highlights, editorial content
Section 1552: product notes, release highlights, editorial content
Section 1553: product notes, release highlights, editorial content
Section 1554: product notes, release highlights, editorial content
Section 1555: product notes, release highlights, editorial content
Section 1556: product notes, release highlights, editorial content
Section 1557: product notes, release highlights, editorial content
Section 1558: product notes, release highlights, editorial content
Section 1559: product notes, release highlights, editorial content
Section 1560: product notes, release highlights, editorial content
Section 1561: product notes, release highlights, editorial content
Section 1562: product notes, release highlights, editorial content
Section 1563: product notes, release highlights, editorial content
Section 1564: product notes, release highlights, editorial content
Section 1565: product notes, release highlights, editorial content
Section 1566: product notes, release highlights, editorial content
Section 1567: product notes, release highlights, editorial content
Section 1568: product notes, release highlights, editorial content
Section 1569: product notes, release highlights, editorial content
Section 1570: product notes, release highlights, editorial content
Section 1571: product notes, release highlights, editorial content
Section 1572: product notes, release highlights, editorial content
Section 1573: product notes, release highlights, editorial content
Section 1574: product notes, release highlights, editorial content
Section 1575: product notes, release highlights, editorial content
Section 1576: product notes, release highlights, editorial content
Section 1577: product notes, release highlights, editorial content
Section 1578: product notes, release highlights, editorial content
Section 1579: product notes, release highlights, editorial content
Section 1580: product notes, release highlights, editorial content
Section 1581: product notes, release highlights, editorial content
Section 1582: product notes, release highlights, editorial content
Section 1583: product notes, release highlights, editorial content
Section 1584: product notes, release highlights, editorial content
Section 1585: product notes, release highlights, editorial content
Section 1586: product notes, release highlights, editorial content
Section 1587: product notes, release highlights, editorial content
Section 1588: product notes, release highlights, editorial content
Section 1589: product notes, release highlights, editorial content
Section 1590: product notes, release highlights, editorial content
Section 1591: product notes, release highlights, editorial content
Section 1592: product notes, release highlights, editorial content
Section 1593: product notes, release highlights, editorial content
Section 1594: product notes, release highlights, editorial content
Section 1595: product notes, release highlights, editorial content
Section 1596: product notes, release highlights, editorial content
Section 1597: product notes, release highlights, editorial content
Section 1598: product notes, release highlights, editorial content
Section 1599: product notes, release highlights, editorial content
Section 1600: product notes, release highlights, editorial content
Section 1601: product notes, release highlights, editorial content
Section 1602: product notes, release highlights, editorial content
Section 1603: product notes, release highlights, editorial content
Section 1604: product notes, release highlights, editorial content
Section 1605: product notes, release highlights, editorial content
Section 1606: product notes, release highlights, editorial content
Section 1607: product notes, release highlights, editorial content
Section 1608: product notes, release highlights, editorial content
Section 1609: product notes, release highlights, editorial content
Section 1610: product notes, release highlights, editorial content
Section 1611: product notes, release highlights, editorial content
Section 1612: product notes, release highlights, editorial content
Section 1613: product notes, release highlights, editorial content
Section 1614: product notes, release highlights, editorial content
Section 1615: product notes, release highlights, editorial content
Section 1616: product notes, release highlights, editorial content
Section 1617: product notes, release highlights, editorial content
Section 1618: product notes, release highlights, editorial content
Section 1619: product notes, release highlights, editorial content
Section 1620: product notes, release highlights, editorial content
Section 1621: product notes, release highlights, editorial content
Section 1622: product notes, release highlights, editorial content
Section 1623: product notes, release highlights, editorial content
Section 1624: product notes, release highlights, editorial content
Section 1625: product notes, release highlights, editorial content
Section 1626: product notes, release highlights, editorial content
Section 1627: product notes, release highlights, editorial content
Section 1628: product notes, release highlights, editorial content
Section 1629: product notes, release highlights, editorial content
Section 1630: product notes, release highlights, editorial content
Section 1631: product notes, release highlights, editorial content
Section 1632: product notes, release highlights, editorial content
Section 1633: product notes, release highlights, editorial content
Section 1634: product notes, release highlights, editorial content
Section 1635: product notes, release highlights, editorial content
Section 1636: product notes, release highlights, editorial content
Section 1637: product notes, release highlights, editorial content
Section 1638: product notes, release highlights, editorial content
Section 1639: product notes, release highlights, editorial content
Section 1640: product notes, release highlights, editorial content
Section 1641: product notes, release highlights, editorial content
Section 1642: product notes, release highlights, editorial content
Section 1643: product notes, release highlights, editorial content
Section 1644: product notes, release highlights, editorial content
Section 1645: product notes, release highlights, editorial content
Section 1646: product notes, release highlights, editorial content
Section 1647: product notes, release highlights, editorial content
Section 1648: product notes, release highlights, editorial content
Section 1649: product notes, release highlights, editorial content
Section 1650: product notes, release highlights, editorial content
Section 1651: product notes, release highlights, editorial content
Section 1652: product notes, release highlights, editorial content
Section 1653: product notes, release highlights, editorial content
Section 1654: product notes, release highlights, editorial content
Section 1655: product notes, release highlights, editorial content
Section 1656: product notes, release highlights, editorial content
Section 1657: product notes, release highlights, editorial content
Section 1658: product notes, release highlights, editorial content
Section 1659: product notes, release highlights, editorial content
Section 1660: product notes, release highlights, editorial content
Section 1661: product notes, release highlights, editorial content
Section 1662: product notes, release highlights, editorial content
Section 1663: product notes, release highlights, editorial content
Section 1664: product notes, release highlights, editorial content
Section 1665: product notes, release highlights, editorial content
Section 1666: product notes, release highlights, editorial content
Section 1667: product notes, release highlights, editorial content
Section 1668: product notes, release highlights, editorial content
Section 1669: product notes, release highlights, editorial content
Section 1670: product notes, release highlights, editorial content
Section 1671: product notes, release highlights, editorial content
Section 1672: product notes, release highlights, editorial content
Section 1673: product notes, release highlights, editorial content
Section 1674: product notes, release highlights, editorial content
Section 1675: product notes, release highlights, editorial content
Section 1676: product notes, release highlights, editorial content
Section 1677: product notes, release highlights, editorial content
Section 1678: product notes, release highlights, editorial content
Section 1679: product notes, release highlights, editorial content
Section 1680: product notes, release highlights, editorial content
Section 1681: product notes, release highlights, editorial content
Section 1682: product notes, release highlights, editorial content
Section 1683: product notes, release highlights, editorial content
Section 1684: product notes, release highlights, editorial content
Section 1685: product notes, release highlights, editorial content
Section 1686: product notes, release highlights, editorial content
Section 1687: product notes, release highlights, editorial content
Section 1688: product notes, release highlights, editorial content
Section 1689: product notes, release highlights, editorial content
Section 1690: product notes, release highlights, editorial content
Section 1691: product notes, release highlights, editorial content
Section 1692: product notes, release highlights, editorial content
Section 1693: product notes, release highlights, editorial content
Section 1694: product notes, release highlights, editorial content
Section 1695: product notes, release highlights, editorial content
Section 1696: product notes, release highlights, editorial content
Section 1697: product notes, release highlights, editorial content
Section 1698: product notes, release highlights, editorial content
Section 1699: product notes, release highlights, editorial content
Section 1700: product notes, release highlights, editorial content
Section 1701: product notes, release highlights, editorial content
Section 1702: product notes, release highlights, editorial content
Section 1703: product notes, release highlights, editorial content
Section 1704: product notes, release highlights, editorial content
Section 1705: product notes, release highlights, editorial content
Section 1706: product notes, release highlights, editorial content
Section 1707: product notes, release highlights, editorial content
Section 1708: product notes, release highlights, editorial content
Section 1709: product notes, release highlights, editorial content
Section 1710: product notes, release highlights, editorial content
Section 1711: product notes, release highlights, editorial content
Section 1712: product notes, release highlights, editorial content
Section 1713: product notes, release highlights, editorial content
Section 1714: product notes, release highlights, editorial content
Section 1715: product notes, release highlights, editorial content
Section 1716: product notes, release highlights, editorial content
Section 1717: product notes, release highlights, editorial content
Section 1718: product notes, release highlights, editorial content
Section 1719: product notes, release highlights, editorial content
Section 1720: product notes, release highlights, editorial content
Section 1721: product notes, release highlights, editorial content
Section 1722: product notes, release highlights, editorial content
Section 1723: product notes, release highlights, editorial content
Section 1724: product notes, release highlights, editorial content
Section 1725: product notes, release highlights, editorial content
Section 1726: product notes, release highlights, editorial content
Section 1727: product notes, release highlights, editorial content
Section 1728: product notes, release highlights, editorial content
Section 1729: product notes, release highlights, editorial content
Section 1730: product notes, release highlights, editorial content
Section 1731: product notes, release highlights, editorial content
Section 1732: product notes, release highlights, editorial content
Section 1733: product notes, release highlights, editorial content
Section 1734: product notes, release highlights, editorial content
Section 1735: product notes, release highlights, editorial content
Section 1736: product notes, release highlights, editorial content
Section 1737: product notes, release highlights, editorial content
Section 1738: product notes, release highlights, editorial content
Section 1739: product notes, release highlights, editorial content
Section 1740: product notes, release highlights, editorial content
Section 1741: product notes, release highlights, editorial content
Section 1742: product notes, release highlights, editorial content
Section 1743: product notes, release highlights, editorial content
Section 1744: product notes, release highlights, editorial content
Section 1745: product notes, release highlights, editorial content
Section 1746: product notes, release highlights, editorial content
Section 1747: product notes, release highlights, editorial content
Section 1748: product notes, release highlights, editorial content
Section 1749: product notes, release highlights, editorial content
Section 1750: product notes, release highlights, editorial content
Section 1751: product notes, release highlights, editorial content
Section 1752: product notes, release highlights, editorial content
Section 1753: product notes, release highlights, editorial content
Section 1754: product notes, release highlights, editorial content
Section 1755: product notes, release highlights, editorial content
Section 1756: product notes, release highlights, editorial content
Section 1757: product notes, release highlights, editorial content
Section 1758: product notes, release highlights, editorial content
Section 1759: product notes, release highlights, editorial content
Section 1760: product notes, release highlights, editorial content
Section 1761: product notes, release highlights, editorial content
Section 1762: product notes, release highlights, editorial content
Section 1763: product notes, release highlights, editorial content
Section 1764: product notes, release highlights, editorial content
Section 1765: product notes, release highlights, editorial content
Section 1766: product notes, release highlights, editorial content
Section 1767: product notes, release highlights, editorial content
Section 1768: product notes, release highlights, editorial content
Section 1769: product notes, release highlights, editorial content
Section 1770: product notes, release highlights, editorial content
Section 1771: product notes, release highlights, editorial content
Section 1772: product notes, release highlights, editorial content
Section 1773: product notes, release highlights, editorial content
Section 1774: product notes, release highlights, editorial content
Section 1775: product notes, release highlights, editorial content
Section 1776: product notes, release highlights, editorial content
Section 1777: product notes, release highlights, editorial content
Section 1778: product notes, release highlights, editorial content
Section 1779: product notes, release highlights, editorial content
Section 1780: product notes, release highlights, editorial content
Section 1781: product notes, release highlights, editorial content
Section 1782: product notes, release highlights, editorial content
Section 1783: product notes, release highlights, editorial content
Section 1784: product notes, release highlights, editorial content
Section 1785: product notes, release highlights, editorial content
Section 1786: product notes, release highlights, editorial content
Section 1787: product notes, release highlights, editorial content
Section 1788: product notes, release highlights, editorial content
Section 1789: product notes, release highlights, editorial content
Section 1790: product notes, release highlights, editorial content
Section 1791: product notes, release highlights, editorial content
Section 1792: product notes, release highlights, editorial content
Section 1793: product notes, release highlights, editorial content
Section 1794: product notes, release highlights, editorial content
Section 1795: product notes, release highlights, editorial content
Section 1796: product notes, release highlights, editorial content
Section 1797: product notes, release highlights, editorial content
Section 1798: product notes, release highlights, editorial content
Section 1799: product notes, release highlights, editorial content
Section 1800: product notes, release highlights, editorial content
Section 1801: product notes, release highlights, editorial content
Section 1802: product notes, release highlights, editorial content
Section 1803: product notes, release highlights, editorial content
Section 1804: product notes, release highlights, editorial content
Section 1805: product notes, release highlights, editorial content
Section 1806: product notes, release highlights, editorial content
Section 1807: product notes, release highlights, editorial content
Section 1808: product notes, release highlights, editorial content
Section 1809: product notes, release highlights, editorial content
Section 1810: product notes, release highlights, editorial content
Section 1811: product notes, release highlights, editorial content
Section 1812: product notes, release highlights, editorial content
Section 1813: product notes, release highlights, editorial content
Section 1814: product notes, release highlights, editorial content
Section 1815: product notes, release highlights, editorial content
Section 1816: product notes, release highlights, editorial content
Section 1817: product notes, release highlights, editorial content
Section 1818: product notes, release highlights, editorial content
Section 1819: product notes, release highlights, editorial content
Section 1820: product notes, release highlights, editorial content
Section 1821: product notes, release highlights, editorial content
Section 1822: product notes, release highlights, editorial content
Section 1823: product notes, release highlights, editorial content
Section 1824: product notes, release highlights, editorial content
Section 1825: product notes, release highlights, editorial content
Section 1826: product notes, release highlights, editorial content
Section 1827: product notes, release highlights, editorial content
Section 1828: product notes, release highlights, editorial content
Section 1829: product notes, release highlights, editorial content
Section 1830: product notes, release highlights, editorial content
Section 1831: product notes, release highlights, editorial content
Section 1832: product notes, release highlights, editorial content
Section 1833: product notes, release highlights, editorial content
Section 1834: product notes, release highlights, editorial content
Section 1835: product notes, release highlights, editorial content
Section 1836: product notes, release highlights, editorial content
Section 1837: product notes, release highlights, editorial content
Section 1838: product notes, release highlights, editorial content
Section 1839: product notes, release highlights, editorial content
Section 1840: product notes, release highlights, editorial content
Section 1841: product notes, release highlights, editorial content
Section 1842: product notes, release highlights, editorial content
Section 1843: product notes, release highlights, editorial content
Section 1844: product notes, release highlights, editorial content
Section 1845: product notes, release highlights, editorial content
Section 1846: product notes, release highlights, editorial content
Section 1847: product notes, release highlights, editorial content
Section 1848: product notes, release highlights, editorial content
Section 1849: product notes, release highlights, editorial content
Section 1850: product notes, release highlights, editorial content
Section 1851: product notes, release highlights, editorial content
Section 1852: product notes, release highlights, editorial content
Section 1853: product notes, release highlights, editorial content
Section 1854: product notes, release highlights, editorial content
Section 1855: product notes, release highlights, editorial content
Section 1856: product notes, release highlights, editorial content
Section 1857: product notes, release highlights, editorial content
Section 1858: product notes, release highlights, editorial content
Section 1859: product notes, release highlights, editorial content
Section 1860: product notes, release highlights, editorial content
Section 1861: product notes, release highlights, editorial content
Section 1862: product notes, release highlights, editorial content
Section 1863: product notes, release highlights, editorial content
Section 1864: product notes, release highlights, editorial content
Section 1865: product notes, release highlights, editorial content
Section 1866: product notes, release highlights, editorial content
Section 1867: product notes, release highlights, editorial content
Section 1868: product notes, release highlights, editorial content
Section 1869: product notes, release highlights, editorial content
Section 1870: product notes, release highlights, editorial content
Section 1871: product notes, release highlights, editorial content
Section 1872: product notes, release highlights, editorial content
Section 1873: product notes, release highlights, editorial content
Section 1874: product notes, release highlights, editorial content
Section 1875: product notes, release highlights, editorial content
Section 1876: product notes, release highlights, editorial content
Section 1877: product notes, release highlights, editorial content
Section 1878: product notes, release highlights, editorial content
Section 1879: product notes, release highlights, editorial content
Section 1880: product notes, release highlights, editorial content
Section 1881: product notes, release highlights, editorial content
Section 1882: product notes, release highlights, editorial content
Section 1883: product notes, release highlights, editorial content
Section 1884: product notes, release highlights, editorial content
Section 1885: product notes, release highlights, editorial content
Section 1886: product notes, release highlights, editorial content
Section 1887: product notes, release highlights, editorial content
Section 1888: product notes, release highlights, editorial content
Section 1889: product notes, release highlights, editorial content
Section 1890: product notes, release highlights, editorial content
Section 1891: product notes, release highlights, editorial content
Section 1892: product notes, release highlights, editorial content
Section 1893: product notes, release highlights, editorial content
Section 1894: product notes, release highlights, editorial content
Section 1895: product notes, release highlights, editorial content
Section 1896: product notes, release highlights, editorial content
Section 1897: product notes, release highlights, editorial content
Section 1898: product notes, release highlights, editorial content
Section 1899: product notes, release highlights, editorial content
Section 1900: product notes, release highlights, editorial content
Section 1901: product notes, release highlights, editorial content
Section 1902: product notes, release highlights, editorial content
Section 1903: product notes, release highlights, editorial content
Section 1904: product notes, release highlights, editorial content
Section 1905: product notes, release highlights, editorial content
Section 1906: product notes, release highlights, editorial content
Section 1907: product notes, release highlights, editorial content
Section 1908: product notes, release highlights, editorial content
Section 1909: product notes, release highlights, editorial content
Section 1910: product notes, release highlights, editorial content
Section 1911: product notes, release highlights, editorial content
Section 1912: product notes, release highlights, editorial content
Section 1913: product notes, release highlights, editorial content
Section 1914: product notes, release highlights, editorial content
Section 1915: product notes, release highlights, editorial content
Section 1916: product notes, release highlights, editorial content
Section 1917: product notes, release highlights, editorial content
Section 1918: product notes, release highlights, editorial content
Section 1919: product notes, release highlights, editorial content
Section 1920: product notes, release highlights, editorial content
Section 1921: product notes, release highlights, editorial content
Section 1922: product notes, release highlights, editorial content
Section 1923: product notes, release highlights, editorial content
Section 1924: product notes, release highlights, editorial content
Section 1925: product notes, release highlights, editorial content
Section 1926: product notes, release highlights, editorial content
Section 1927: product notes, release highlights, editorial content
Section 1928: product notes, release highlights, editorial content
Section 1929: product notes, release highlights, editorial content
Section 1930: product notes, release highlights, editorial content
Section 1931: product notes, release highlights, editorial content
Section 1932: product notes, release highlights, editorial content
Section 1933: product notes, release highlights, editorial content
Section 1934: product notes, release highlights, editorial content
Section 1935: product notes, release highlights, editorial content
Section 1936: product notes, release highlights, editorial content
Section 1937: product notes, release highlights, editorial content
Section 1938: product notes, release highlights, editorial content
Section 1939: product notes, release highlights, editorial content
Section 1940: product notes, release highlights, editorial content
Section 1941: product notes, release highlights, editorial content
Section 1942: product notes, release highlights, editorial content
Section 1943: product notes, release highlights, editorial content
Section 1944: product notes, release highlights, editorial content
Section 1945: product notes, release highlights, editorial content
Section 1946: product notes, release highlights, editorial content
Section 1947: product notes, release highlights, editorial content
Section 1948: product notes, release highlights, editorial content
Section 1949: product notes, release highlights, editorial content
Section 1950: product notes, release highlights, editorial content
Section 1951: product notes, release highlights, editorial content
Section 1952: product notes, release highlights, editorial content
Section 1953: product notes, release highlights, editorial content
Section 1954: product notes, release highlights, editorial content
Section 1955: product notes, release highlights, editorial content
Section 1956: product notes, release highlights, editorial content
Section 1957: product notes, release highlights, editorial content
Section 1958: product notes, release highlights, editorial content
Section 1959: product notes, release highlights, editorial content
Section 1960: product notes, release highlights, editorial content
Section 1961: product notes, release highlights, editorial content
Section 1962: product notes, release highlights, editorial content
Section 1963: product notes, release highlights, editorial content
Section 1964: product notes, release highlights, editorial content
Section 1965: product notes, release highlights, editorial content
Section 1966: product notes, release highlights, editorial content
Section 1967: product notes, release highlights, editorial content
Section 1968: product notes, release highlights, editorial content
Section 1969: product notes, release highlights, editorial content
Section 1970: product notes, release highlights, editorial content
Section 1971: product notes, release highlights, editorial content
Section 1972: product notes, release highlights, editorial content
Section 1973: product notes, release highlights, editorial content
Section 1974: product notes, release highlights, editorial content
Section 1975: product notes, release highlights, editorial content
Section 1976: product notes, release highlights, editorial content
Section 1977: product notes, release highlights, editorial content
Section 1978: product notes, release highlights, editorial content
Section 1979: product notes, release highlights, editorial content
Section 1980: product notes, release highlights, editorial content
Section 1981: product notes, release highlights, editorial content
Section 1982: product notes, release highlights, editorial content
Section 1983: product notes, release highlights, editorial content
Section 1984: product notes, release highlights, editorial content
Section 1985: product notes, release highlights, editorial content
Section 1986: product notes, release highlights, editorial content
Section 1987: product notes, release highlights, editorial content
Section 1988: product notes, release highlights, editorial content
Section 1989: product notes, release highlights, editorial content
Section 1990: product notes, release highlights, editorial content
Section 1991: product notes, release highlights, editorial content
Section 1992: product notes, release highlights, editorial content
Section 1993: product notes, release highlights, editorial content
Section 1994: product notes, release highlights, editorial content
Section 1995: product notes, release highlights, editorial content
Section 1996: product notes, release highlights, editorial content
Section 1997: product notes, release highlights, editorial content
Section 1998: product notes, release highlights, editorial content
Section 1999: product notes, release highlights, editorial content
Section 2000: product notes, release highlights, editorial content
Section 2001: product notes, release highlights, editorial content
Section 2002: product notes, release highlights, editorial content
Section 2003: product notes, release highlights, editorial content
Section 2004: product notes, release highlights, editorial content
Section 2005: product notes, release highlights, editorial content
Section 2006: product notes, release highlights, editorial content
Section 2007: product notes, release highlights, editorial content
Section 2008: product notes, release highlights, editorial content
Section 2009: product notes, release highlights, editorial content
Section 2010: product notes, release highlights, editorial content
Section 2011: product notes, release highlights, editorial content
Section 2012: product notes, release highlights, editorial content
Section 2013: product notes, release highlights, editorial content
Section 2014: product notes, release highlights, editorial content
Section 2015: product notes, release highlights, editorial content
Section 2016: product notes, release highlights, editorial content
Section 2017: product notes, release highlights, editorial content
Section 2018: product notes, release highlights, editorial content
Section 2019: product notes, release highlights, editorial content
Section 2020: product notes, release highlights, editorial content
Section 2021: product notes, release highlights, editorial content
Section 2022: product notes, release highlights, editorial content
Section 2023: product notes, release highlights, editorial content
Section 2024: product notes, release highlights, editorial content
Section 2025: product notes, release highlights, editorial content
Section 2026: product notes, release highlights, editorial content
Section 2027: product notes, release highlights, editorial content
Section 2028: product notes, release highlights, editorial content
Section 2029: product notes, release highlights, editorial content
Section 2030: product notes, release highlights, editorial content
Section 2031: product notes, release highlights, editorial content
Section 2032: product notes, release highlights, editorial content
Section 2033: product notes, release highlights, editorial content
Section 2034: product notes, release highlights, editorial content
Section 2035: product notes, release highlights, editorial content
Section 2036: product notes, release highlights, editorial content
Section 2037: product notes, release highlights, editorial content
Section 2038: product notes, release highlights, editorial content
Section 2039: product notes, release highlights, editorial content
Section 2040: product notes, release highlights, editorial content
Section 2041: product notes, release highlights, editorial content
Section 2042: product notes, release highlights, editorial content
Section 2043: product notes, release highlights, editorial content
Section 2044: product notes, release highlights, editorial content
Section 2045: product notes, release highlights, editorial content
Section 2046: product notes, release highlights, editorial content
Section 2047: product notes, release highlights, editorial content
Section 2048: product notes, release highlights, editorial content
Section 2049: product notes, release highlights, editorial content
Section 2050: product notes, release highlights, editorial content
Section 2051: product notes, release highlights, editorial content
Section 2052: product notes, release highlights, editorial content
Section 2053: product notes, release highlights, editorial content
Section 2054: product notes, release highlights, editorial content
Section 2055: product notes, release highlights, editorial content
Section 2056: product notes, release highlights, editorial content
Section 2057: product notes, release highlights, editorial content
Section 2058: product notes, release highlights, editorial content
Section 2059: product notes, release highlights, editorial content
Section 2060: product notes, release highlights, editorial content
Section 2061: product notes, release highlights, editorial content
Section 2062: product notes, release highlights, editorial content
Section 2063: product notes, release highlights, editorial content
Section 2064: product notes, release highlights, editorial content
Section 2065: product notes, release highlights, editorial content
Section 2066: product notes, release highlights, editorial content
Section 2067: product notes, release highlights, editorial content
Section 2068: product notes, release highlights, editorial content
Section 2069: product notes, release highlights, editorial content
Section 2070: product notes, release highlights, editorial content
Section 2071: product notes, release highlights, editorial content
Section 2072: product notes, release highlights, editorial content
Section 2073: product notes, release highlights, editorial content
Section 2074: product notes, release highlights, editorial content
Section 2075: product notes, release highlights, editorial content
Section 2076: product notes, release highlights, editorial content
Section 2077: product notes, release highlights, editorial content
Section 2078: product notes, release highlights, editorial content
Section 2079: product notes, release highlights, editorial content
Section 2080: product notes, release highlights, editorial content
Section 2081: product notes, release highlights, editorial content
Section 2082: product notes, release highlights, editorial content
Section 2083: product notes, release highlights, editorial content
Section 2084: product notes, release highlights, editorial content
Section 2085: product notes, release highlights, editorial content
Section 2086: product notes, release highlights, editorial content
Section 2087: product notes, release highlights, editorial content
Section 2088: product notes, release highlights, editorial content
Section 2089: product notes, release highlights, editorial content
Section 2090: product notes, release highlights, editorial content
Section 2091: product notes, release highlights, editorial content
Section 2092: product notes, release highlights, editorial content
Section 2093: product notes, release highlights, editorial content
Section 2094: product notes, release highlights, editorial content
Section 2095: product notes, release highlights, editorial content
Section 2096: product notes, release highlights, editorial content
Section 2097: product notes, release highlights, editorial content
Section 2098: product notes, release highlights, editorial content
Section 2099: product notes, release highlights, editorial content
Section 2100: product notes, release highlights, editorial content
Section 2101: product notes, release highlights, editorial content
Section 2102: product notes, release highlights, editorial content
Section 2103: product notes, release highlights, editorial content
Section 2104: product notes, release highlights, editorial content
Section 2105: product notes, release highlights, editorial content
Section 2106: product notes, release highlights, editorial content
Section 2107: product notes, release highlights, editorial content
Section 2108: product notes, release highlights, editorial content
Section 2109: product notes, release highlights, editorial content
Section 2110: product notes, release highlights, editorial content
Section 2111: product notes, release highlights, editorial content
Section 2112: product notes, release highlights, editorial content
Section 2113: product notes, release highlights, editorial content
Section 2114: product notes, release highlights, editorial content
Section 2115: product notes, release highlights, editorial content
Section 2116: product notes, release highlights, editorial content
Section 2117: product notes, release highlights, editorial content
Section 2118: product notes, release highlights, editorial content
Section 2119: product notes, release highlights, editorial content
Section 2120: product notes, release highlights, editorial content
Section 2121: product notes, release highlights, editorial content
Section 2122: product notes, release highlights, editorial content
Section 2123: product notes, release highlights, editorial content
Section 2124: product notes, release highlights, editorial content
Section 2125: product notes, release highlights, editorial content
Section 2126: product notes, release highlights, editorial content
Section 2127: product notes, release highlights, editorial content
Section 2128: product notes, release highlights, editorial content
Section 2129: product notes, release highlights, editorial content
Section 2130: product notes, release highlights, editorial content
Section 2131: product notes, release highlights, editorial content
Section 2132: product notes, release highlights, editorial content
Section 2133: product notes, release highlights, editorial content
Section 2134: product notes, release highlights, editorial content
Section 2135: product notes, release highlights, editorial content
Section 2136: product notes, release highlights, editorial content
Section 2137: product notes, release highlights, editorial content
Section 2138: product notes, release highlights, editorial content
Section 2139: product notes, release highlights, editorial content
Section 2140: product notes, release highlights, editorial content
Section 2141: product notes, release highlights, editorial content
Section 2142: product notes, release highlights, editorial content
Section 2143: product notes, release highlights, editorial content
Section 2144: product notes, release highlights, editorial content
Section 2145: product notes, release highlights, editorial content
Section 2146: product notes, release highlights, editorial content
Section 2147: product notes, release highlights, editorial content
Section 2148: product notes, release highlights, editorial content
Section 2149: product notes, release highlights, editorial content
Section 2150: product notes, release highlights, editorial content
Section 2151: product notes, release highlights, editorial content
Section 2152: product notes, release highlights, editorial content
Section 2153: product notes, release highlights, editorial content
Section 2154: product notes, release highlights, editorial content
Section 2155: product notes, release highlights, editorial content
Section 2156: product notes, release highlights, editorial content
Section 2157: product notes, release highlights, editorial content
Section 2158: product notes, release highlights, editorial content
Section 2159: product notes, release highlights, editorial content
Section 2160: product notes, release highlights, editorial content
Section 2161: product notes, release highlights, editorial content
Section 2162: product notes, release highlights, editorial content
Section 2163: product notes, release highlights, editorial content
Section 2164: product notes, release highlights, editorial content
Section 2165: product notes, release highlights, editorial content
Section 2166: product notes, release highlights, editorial content
Section 2167: product notes, release highlights, editorial content
Section 2168: product notes, release highlights, editorial content
Section 2169: product notes, release highlights, editorial content
Section 2170: product notes, release highlights, editorial content
Section 2171: product notes, release highlights, editorial content
Section 2172: product notes, release highlights, editorial content
Section 2173: product notes, release highlights, editorial content
Section 2174: product notes, release highlights, editorial content
Section 2175: product notes, release highlights, editorial content
Section 2176: product notes, release highlights, editorial content
Section 2177: product notes, release highlights, editorial content
Section 2178: product notes, release highlights, editorial content
Section 2179: product notes, release highlights, editorial content
Section 2180: product notes, release highlights, editorial content
Section 2181: product notes, release highlights, editorial content
Section 2182: product notes, release highlights, editorial content
Section 2183: product notes, release highlights, editorial content
Section 2184: product notes, release highlights, editorial content
Section 2185: product notes, release highlights, editorial content
Section 2186: product notes, release highlights, editorial content
Section 2187: product notes, release highlights, editorial content
Section 2188: product notes, release highlights, editorial content
Section 2189: product notes, release highlights, editorial content
Section 2190: product notes, release highlights, editorial content
Section 2191: product notes, release highlights, editorial content
Section 2192: product notes, release highlights, editorial content
Section 2193: product notes, release highlights, editorial content
Section 2194: product notes, release highlights, editorial content
Section 2195: product notes, release highlights, editorial content
Section 2196: product notes, release highlights, editorial content
Section 2197: product notes, release highlights, editorial content
Section 2198: product notes, release highlights, editorial content
Section 2199: product notes, release highlights, editorial content
Section 2200: product notes, release highlights, editorial content
Section 2201: product notes, release highlights, editorial content
Section 2202: product notes, release highlights, editorial content
Section 2203: product notes, release highlights, editorial content
Section 2204: product notes, release highlights, editorial content
Section 2205: product notes, release highlights, editorial content
Section 2206: product notes, release highlights, editorial content
Section 2207: product notes, release highlights, editorial content
Section 2208: product notes, release highlights, editorial content
Section 2209: product notes, release highlights, editorial content
Section 2210: product notes, release highlights, editorial content
Section 2211: product notes, release highlights, editorial content
Section 2212: product notes, release highlights, editorial content
Section 2213: product notes, release highlights, editorial content
Section 2214: product notes, release highlights, editorial content
Section 2215: product notes, release highlights, editorial content
Section 2216: product notes, release highlights, editorial content
Section 2217: product notes, release highlights, editorial content
Section 2218: product notes, release highlights, editorial content
Section 2219: product notes, release highlights, editorial content
Section 2220: product notes, release highlights, editorial content
Section 2221: product notes, release highlights, editorial content
Section 2222: product notes, release highlights, editorial content
Section 2223: product notes, release highlights, editorial content
Section 2224: product notes, release highlights, editorial content
Section 2225: product notes, release highlights, editorial content
Section 2226: product notes, release highlights, editorial content
Section 2227: product notes, release highlights, editorial content
Section 2228: product notes, release highlights, editorial content
Section 2229: product notes, release highlights, editorial content
Section 2230: product notes, release highlights, editorial content
Section 2231: product notes, release highlights, editorial content
Section 2232: product notes, release highlights, editorial content
Section 2233: product notes, release highlights, editorial content
Section 2234: product notes, release highlights, editorial content
Section 2235: product notes, release highlights, editorial content
Section 2236: product notes, release highlights, editorial content
Section 2237: product notes, release highlights, editorial content
Section 2238: product notes, release highlights, editorial content
Section 2239: product notes, release highlights, editorial content
Section 2240: product notes, release highlights, editorial content
Section 2241: product notes, release highlights, editorial content
Section 2242: product notes, release highlights, editorial content
Section 2243: product notes, release highlights, editorial content
Section 2244: product notes, release highlights, editorial content
Section 2245: product notes, release highlights, editorial content
Section 2246: product notes, release highlights, editorial content
Section 2247: product notes, release highlights, editorial content
Section 2248: product notes, release highlights, editorial content
Section 2249: product notes, release highlights, editorial content
Section 2250: product notes, release highlights, editorial content
Section 2251: product notes, release highlights, editorial content
Section 2252: product notes, release highlights, editorial content
Section 2253: product notes, release highlights, editorial content
Section 2254: product notes, release highlights, editorial content
Section 2255: product notes, release highlights, editorial content
Section 2256: product notes, release highlights, editorial content
Section 2257: product notes, release highlights, editorial content
Section 2258: product notes, release highlights, editorial content
Section 2259: product notes, release highlights, editorial content
Section 2260: product notes, release highlights, editorial content
Section 2261: product notes, release highlights, editorial content
Section 2262: product notes, release highlights, editorial content
Section 2263: product notes, release highlights, editorial content
Section 2264: product notes, release highlights, editorial content
Section 2265: product notes, release highlights, editorial content
Section 2266: product notes, release highlights, editorial content
Section 2267: product notes, release highlights, editorial content
Section 2268: product notes, release highlights, editorial content
Section 2269: product notes, release highlights, editorial content
Section 2270: product notes, release highlights, editorial content
Section 2271: product notes, release highlights, editorial content
Section 2272: product notes, release highlights, editorial content
Section 2273: product notes, release highlights, editorial content
Section 2274: product notes, release highlights, editorial content
Section 2275: product notes, release highlights, editorial content
Section 2276: product notes, release highlights, editorial content
Section 2277: product notes, release highlights, editorial content
Section 2278: product notes, release highlights, editorial content
Section 2279: product notes, release highlights, editorial content
Section 2280: product notes, release highlights, editorial content
Section 2281: product notes, release highlights, editorial content
Section 2282: product notes, release highlights, editorial content
Section 2283: product notes, release highlights, editorial content
Section 2284: product notes, release highlights, editorial content
Section 2285: product notes, release highlights, editorial content
Section 2286: product notes, release highlights, editorial content
Section 2287: product notes, release highlights, editorial content
Section 2288: product notes, release highlights, editorial content
Section 2289: product notes, release highlights, editorial content
Section 2290: product notes, release highlights, editorial content
Section 2291: product notes, release highlights, editorial content
Section 2292: product notes, release highlights, editorial content
Section 2293: product notes, release highlights, editorial content
Section 2294: product notes, release highlights, editorial content
Section 2295: product notes, release highlights, editorial content
Section 2296: product notes, release highlights, editorial content
Section 2297: product notes, release highlights, editorial content
Section 2298: product notes, release highlights, editorial content
Section 2299: product notes, release highlights, editorial content
Section 2300: product notes, release highlights, editorial content
Section 2301: product notes, release highlights, editorial content
Section 2302: product notes, release highlights, editorial content
Section 2303: product notes, release highlights, editorial content
Section 2304: product notes, release highlights, editorial content
Section 2305: product notes, release highlights, editorial content
Section 2306: product notes, release highlights, editorial content
Section 2307: product notes, release highlights, editorial content
Section 2308: product notes, release highlights, editorial content
Section 2309: product notes, release highlights, editorial content
Section 2310: product notes, release highlights, editorial content
Section 2311: product notes, release highlights, editorial content
Section 2312: product notes, release highlights, editorial content
Section 2313: product notes, release highlights, editorial content
Section 2314: product notes, release highlights, editorial content
Section 2315: product notes, release highlights, editorial content
Section 2316: product notes, release highlights, editorial content
Section 2317: product notes, release highlights, editorial content
Section 2318: product notes, release highlights, editorial content
Section 2319: product notes, release highlights, editorial content
Section 2320: product notes, release highlights, editorial content
Section 2321: product notes, release highlights, editorial content
Section 2322: product notes, release highlights, editorial content
Section 2323: product notes, release highlights, editorial content
Section 2324: product notes, release highlights, editorial content
Section 2325: product notes, release highlights, editorial content
Section 2326: product notes, release highlights, editorial content
Section 2327: product notes, release highlights, editorial content
Section 2328: product notes, release highlights, editorial content
Section 2329: product notes, release highlights, editorial content
Section 2330: product notes, release highlights, editorial content
Section 2331: product notes, release highlights, editorial content
Section 2332: product notes, release highlights, editorial content
Section 2333: product notes, release highlights, editorial content
Section 2334: product notes, release highlights, editorial content
Section 2335: product notes, release highlights, editorial content
Section 2336: product notes, release highlights, editorial content
Section 2337: product notes, release highlights, editorial content
Section 2338: product notes, release highlights, editorial content
Section 2339: product notes, release highlights, editorial content
Section 2340: product notes, release highlights, editorial content
Section 2341: product notes, release highlights, editorial content
Section 2342: product notes, release highlights, editorial content
Section 2343: product notes, release highlights, editorial content
Section 2344: product notes, release highlights, editorial content
Section 2345: product notes, release highlights, editorial content
Section 2346: product notes, release highlights, editorial content
Section 2347: product notes, release highlights, editorial content
Section 2348: product notes, release highlights, editorial content
Section 2349: product notes, release highlights, editorial content
Section 2350: product notes, release highlights, editorial content
Section 2351: product notes, release highlights, editorial content
Section 2352: product notes, release highlights, editorial content
Section 2353: product notes, release highlights, editorial content
Section 2354: product notes, release highlights, editorial content
Section 2355: product notes, release highlights, editorial content
Section 2356: product notes, release highlights, editorial content
Section 2357: product notes, release highlights, editorial content
Section 2358: product notes, release highlights, editorial content
Section 2359: product notes, release highlights, editorial content
Section 2360: product notes, release highlights, editorial content
Section 2361: product notes, release highlights, editorial content
Section 2362: product notes, release highlights, editorial content
Section 2363: product notes, release highlights, editorial content
Section 2364: product notes, release highlights, editorial content
Section 2365: product notes, release highlights, editorial content
Section 2366: product notes, release highlights, editorial content
Section 2367: product notes, release highlights, editorial content
Section 2368: product notes, release highlights, editorial content
Section 2369: product notes, release highlights, editorial content
Section 2370: product notes, release highlights, editorial content
Section 2371: product notes, release highlights, editorial content
Section 2372: product notes, release highlights, editorial content
Section 2373: product notes, release highlights, editorial content
Section 2374: product notes, release highlights, editorial content
Section 2375: product notes, release highlights, editorial content
Section 2376: product notes, release highlights, editorial content
Section 2377: product notes, release highlights, editorial content
Section 2378: product notes, release highlights, editorial content
Section 2379: product notes, release highlights, editorial content
Section 2380: product notes, release highlights, editorial content
Section 2381: product notes, release highlights, editorial content
Section 2382: product notes, release highlights, editorial content
Section 2383: product notes, release highlights, editorial content
Section 2384: product notes, release highlights, editorial content
Section 2385: product notes, release highlights, editorial content
Section 2386: product notes, release highlights, editorial content
Section 2387: product notes, release highlights, editorial content
Section 2388: product notes, release highlights, editorial content
Section 2389: product notes, release highlights, editorial content
Section 2390: product notes, release highlights, editorial content
Section 2391: product notes, release highlights, editorial content
Section 2392: product notes, release highlights, editorial content
Section 2393: product notes, release highlights, editorial content
Section 2394: product notes, release highlights, editorial content
Section 2395: product notes, release highlights, editorial content
Section 2396: product notes, release highlights, editorial content
Section 2397: product notes, release highlights, editorial content
Section 2398: product notes, release highlights, editorial content
Section 2399: product notes, release highlights, editorial content
Section 2400: product notes, release highlights, editorial content
Section 2401: product notes, release highlights, editorial content
Section 2402: product notes, release highlights, editorial content
Section 2403: product notes, release highlights, editorial content
Section 2404: product notes, release highlights, editorial content
Section 2405: product notes, release highlights, editorial content
Section 2406: product notes, release highlights, editorial content
Section 2407: product notes, release highlights, editorial content
Section 2408: product notes, release highlights, editorial content
Section 2409: product notes, release highlights, editorial content
Section 2410: product notes, release highlights, editorial content
Section 2411: product notes, release highlights, editorial content
Section 2412: product notes, release highlights, editorial content
Section 2413: product notes, release highlights, editorial content
Section 2414: product notes, release highlights, editorial content
Section 2415: product notes, release highlights, editorial content
Section 2416: product notes, release highlights, editorial content
Section 2417: product notes, release highlights, editorial content
Section 2418: product notes, release highlights, editorial content
Section 2419: product notes, release highlights, editorial content
Section 2420: product notes, release highlights, editorial content
Section 2421: product notes, release highlights, editorial content
Section 2422: product notes, release highlights, editorial content
Section 2423: product notes, release highlights, editorial content
Section 2424: product notes, release highlights, editorial content
Section 2425: product notes, release highlights, editorial content
Section 2426: product notes, release highlights, editorial content
Section 2427: product notes, release highlights, editorial content
Section 2428: product notes, release highlights, editorial content
Section 2429: product notes, release highlights, editorial content
Section 2430: product notes, release highlights, editorial content
Section 2431: product notes, release highlights, editorial content
Section 2432: product notes, release highlights, editorial content
Section 2433: product notes, release highlights, editorial content
Section 2434: product notes, release highlights, editorial content
Section 2435: product notes, release highlights, editorial content
Section 2436: product notes, release highlights, editorial content
Section 2437: product notes, release highlights, editorial content
Section 2438: product notes, release highlights, editorial content
Section 2439: product notes, release highlights, editorial content
Section 2440: product notes, release highlights, editorial content
Section 2441: product notes, release highlights, editorial content
Section 2442: product notes, release highlights, editorial content
Section 2443: product notes, release highlights, editorial content
Section 2444: product notes, release highlights, editorial content
Section 2445: product notes, release highlights, editorial content
Section 2446: product notes, release highlights, editorial content
Section 2447: product notes, release highlights, editorial content
Section 2448: product notes, release highlights, editorial content
Section 2449: product notes, release highlights, editorial content
Section 2450: product notes, release highlights, editorial content
Section 2451: product notes, release highlights, editorial content
Section 2452: product notes, release highlights, editorial content
Section 2453: product notes, release highlights, editorial content
Section 2454: product notes, release highlights, editorial content
Section 2455: product notes, release highlights, editorial content
Section 2456: product notes, release highlights, editorial content
Section 2457: product notes, release highlights, editorial content
Section 2458: product notes, release highlights, editorial content
Section 2459: product notes, release highlights, editorial content
Section 2460: product notes, release highlights, editorial content
Section 2461: product notes, release highlights, editorial content
Section 2462: product notes, release highlights, editorial content
Section 2463: product notes, release highlights, editorial content
Section 2464: product notes, release highlights, editorial content
Section 2465: product notes, release highlights, editorial content
Section 2466: product notes, release highlights, editorial content
Section 2467: product notes, release highlights, editorial content
Section 2468: product notes, release highlights, editorial content
Section 2469: product notes, release highlights, editorial content
Section 2470: product notes, release highlights, editorial content
Section 2471: product notes, release highlights, editorial content
Section 2472: product notes, release highlights, editorial content
Section 2473: product notes, release highlights, editorial content
Section 2474: product notes, release highlights, editorial content
Section 2475: product notes, release highlights, editorial content
Section 2476: product notes, release highlights, editorial content
Section 2477: product notes, release highlights, editorial content
Section 2478: product notes, release highlights, editorial content
Section 2479: product notes, release highlights, editorial content
Section 2480: product notes, release highlights, editorial content
Section 2481: product notes, release highlights, editorial content
Section 2482: product notes, release highlights, editorial content
Section 2483: product notes, release highlights, editorial content
Section 2484: product notes, release highlights, editorial content
Section 2485: product notes, release highlights, editorial content
Section 2486: product notes, release highlights, editorial content
Section 2487: product notes, release highlights, editorial content
Section 2488: product notes, release highlights, editorial content
Section 2489: product notes, release highlights, editorial content
Section 2490: product notes, release highlights, editorial content
Section 2491: product notes, release highlights, editorial content
Section 2492: product notes, release highlights, editorial content
Section 2493: product notes, release highlights, editorial content
Section 2494: product notes, release highlights, editorial content
Section 2495: product notes, release highlights, editorial content
Section 2496: product notes, release highlights, editorial content
Section 2497: product notes, release highlights, editorial content
Section 2498: product notes, release highlights, editorial content
Section 2499: product notes, release highlights, editorial content",edge_012
edge_013,receipt@diner.com,,Dinner Receipt,2025-11-07,"Subtotal $48.00, Tax $4.32, Tip $10.00, Total charged $62.32",edge_013
edge_014,orders@marketplace.com,,Split Charges,2025-11-08,Card charged $12.00 for item A and $8.50 for item B.,edge_014
edge_015,returns@retailer.com,,Return processed,2025-11-09,Refund posted: ($23.45) to your Visa.,edge_015
edge_016,support@service.com,,Account Credit Applied,2025-11-10,A credit of 14.99 USD has been applied to your account.,edge_016
edge_017,billing@train.co.uk,,Rail receipt,07/11/2025,Amount paid GBP 18.20 on 7 Nov 2025.,edge_017
edge_018,deals@shop.com,,Flash Sale,2025-11-11,Everything under $20 today only. Save 50% now.,edge_018
